smiles,uniprot,target_name,active,pic50,pdb_id,ligand_id,score,pic50_pred,pic50_true
CCCCCc1ccc(S(N)(=O)=O)cc1,P00918,Carbonic anhydrase 2,1,12.09691002397926,6sbh,L4K,0.10821533203125,4.393435955047607,12.09691047668457
CNC(=O)Nc1ccc2c(c1)CCC21OC(=O)N(CC(=O)N(Cc2ccc(F)cc2)C(C)C(F)(F)F)C1=O,Q09472,Histone acetyltransferase p300,1,11.892790041323334,5kj2,6TF,0.994140625,7.6735053062438965,11.892789840698242
CCCCc1ccc(S(N)(=O)=O)cc1,P00918,Carbonic anhydrase 2,1,11.30103000537122,5ll8,6YP,0.2147216796875,4.656296253204346,11.301030158996582
Oc1cc(Cl)ccc1Oc1ccc(Cl)cc1Cl,P0AEK4,Enoyl-[acyl-carrier-protein] reductase [NADH] FabI,1,11.154901946580509,3pjf,TCL,0.99951171875,6.894160270690918,11.154901504516602
COc1cc(N2CCC(N(C)C)CC2)ccc1Nc1ncc(C(=O)Oc2ccccc2)c(-c2c[nH]c3ccccc23)n1,P00533,Epidermal growth factor receptor,1,11.096909992380176,7zyq,V58,0.97021484375,8.785333633422852,11.09691047668457
Cc1nc2ccc(Oc3ccc(Br)cc3F)nc2c(=O)n1C[C@H]1CCCN(C(C)C)C1,Q92847,Growth hormone secretagogue receptor type 1,1,11.000000009707238,6ko5,8QX,0.94677734375,7.49802827835083,11.0
COc1cc2ncnc(Nc3ccc(F)c(Cl)c3)c2cc1NC(=O)/C=C/CN1CCCCC1,P00533,Epidermal growth factor receptor,1,11.000000009707238,4i24,1C9,0.9609375,8.21556568145752,11.0
C[C@@H](c1c[nH]c2ccccc12)[C@@H](NC(=O)N1CCC(n2c(=O)[nH]c3ccccc32)CC1)C(=O)N[C@@H](CCCCN)C(=O)OC(C)(C)C,P30874,Somatostatin receptor type 2,1,11.000000009707238,7xn9,GI9,0.9990234375,7.842588424682617,11.0
CCCCNC(=O)c1cc(S(N)(=O)=O)c(Cl)cc1SC1CCCCC1,P00918,Carbonic anhydrase 2,1,11.000000009707238,8rj2,YNF,0.99462890625,9.659165382385254,11.0
CC1(C)N=C(N)N=C(N)N1OCCCOc1cc(Cl)c(Cl)cc1Cl,P13922,Bifunctional dihydrofolate reductase-thymidylate synthase,1,10.958607317195044,1j3i,WRA,0.994140625,8.800962448120117,10.958606719970703
CC(=O)Nc1nnc(S(N)(=O)=O)s1,P00918,Carbonic anhydrase 2,1,10.920818750177338,6yma,AZM,0.9970703125,7.4120659828186035,10.920818328857422
CCC(=O)NCCC1CCc2ccc3c(c21)CCO3,P48039,Melatonin receptor type 1A,1,10.860120918616516,7db6,JEV,0.998046875,8.840746879577637,10.86012077331543
Cc1nc(Nc2ncc(C(=O)Nc3c(C)cccc3Cl)s2)cc(N2CCN(CCO)CC2)n1,P00519,Tyrosine-protein kinase ABL1,1,10.795879996716195,7n9g,1N1,0.96435546875,8.839325904846191,10.795879364013672
NS(=O)(=O)c1ccc(C(=O)CSc2ncccn2)cc1,P00918,Carbonic anhydrase 2,1,10.769551055019814,3sbi,E90,0.9951171875,8.033695220947266,10.769550323486328
Fc1ccc(C2CCNCC2COc2ccc3c(c2)OCO3)cc1,P31645,Sodium-dependent serotonin transporter,1,10.72124641301197,6vrh,8PR,0.97607421875,7.5591254234313965,10.721246719360352
COc1cc(Nc2c(C#N)cnc3cc(OCCCN4CCN(C)CC4)c(OC)cc23)c(Cl)cc1Cl,P00519,Tyrosine-protein kinase ABL1,1,10.537602014597718,3ue4,DB8,0.00428009033203125,7.372281551361084,10.537601470947266
NCCc1c[nH]c2ccc(C(N)=O)cc12,P34969,5-hydroxytryptamine receptor 7,1,10.537602014597718,7xtc,8K3,0.9921875,8.340601921081543,10.537601470947266
CC1=C(c2cccc(O)c2)C(c2ccc(OCCN3CC(CF)C3)cc2)Oc2ccc(O)cc21,P03372,Estrogen receptor,1,10.522878754987577,6pfm,OGJ,0.98974609375,9.761467933654785,10.522878646850586
CCCc1ccc(S(N)(=O)=O)cc1,P00918,Carbonic anhydrase 2,1,10.522878754987577,4yxu,4JE,0.0066680908203125,4.2442450523376465,10.522878646850586
CC(CCCC(C)(C)O)C1CCC2C3C(O)C=C4CC(O)CCC4(C)C3CCC12C,P32249,G-protein coupled receptor 183,1,10.494850001052214,7tuz,KJX,0.000865936279296875,5.788726329803467,10.494850158691406
CC(C)C[C@H](NC(=O)[C@@H]1C[C@H](N)CN1C(=O)CC[C@@H](NS(=O)(=O)c1ccc(NC(=O)c2ccc(C(N)=O)cc2)cc1)C(=O)O)C(=O)N(C)[C@@H](CCC(=O)O)C(=O)NCCCCC(N)=O,P08253,72 kDa type IV collagenase,1,10.468521059355831,8h78,L2U,0.99169921875,9.129182815551758,10.468521118164062
CC1CCC=CC(O)C2CCC2CN2CC3(CCCc4cc(Cl)ccc43)COc3ccc(cc32)C(=O)NS1(=O)=O,Q07820,Induced myeloid leukemia cell differentiation protein Mcl-1,1,10.397940018379275,6oqc,N0S,0.99462890625,9.032564163208008,10.397939682006836
COC1CC2CCC(C)C(O)(O2)C(=O)C(=O)N2CCCCC2C(=O)OC(C(C)CC2CCC(O)C(OC)C2)CC(O)C(C)C=C(C)C(O)C(OC)C(=O)C(C)CC(C)C=CC=CC=C1C,P62942,Peptidyl-prolyl cis-trans isomerase FKBP1A,1,10.397940018379275,8era,XYU,0.99560546875,8.459955215454102,10.397939682006836
CC/C(=C(\c1ccc(O)cc1)c1ccc(OCCN(C)C)cc1)c1ccccc1,P03372,Estrogen receptor,1,10.397940018379275,4q50,OHT,0.986328125,8.37186050415039,10.397939682006836
COc1ccc2cccc(CCNC(C)=O)c2c1,P48039,Melatonin receptor type 1A,1,10.397940018379275,6me5,AWY,0.99853515625,9.401988983154297,10.397939682006836
COC1CC2CCC(C)C(O)(O2)C(=O)C(=O)N2CCCCC2C(=O)OC(C(C)CC2CCC(O)C(OC)C2)CC(O)C(C)C=C(C)C(O)C(OC)C(=O)C(C)CC(C)C=CC=CC=C1C,P42345,Serine/threonine-protein kinase mTOR,1,10.397940018379275,8era,XYU,0.9853515625,8.457113265991211,10.397939682006836
O=C(c1ccc(C(=O)N2CCC(N3CCCC3)CC2)c(Nc2ccccc2)c1)N1CCC(N2CCCC2)CC1,Q96JM7,Lethal(3)malignant brain tumor-like protein 3,1,10.366531529671432,4fl6,UWN,0.99267578125,7.18508243560791,10.366531372070312
CCC(=O)NCCC1CCc2ccc3c(c21)CCO3,P49286,Melatonin receptor type 1B,1,10.346787468967344,7vh0,JEV,0.99658203125,9.038247108459473,10.346787452697754
CN(CCOc1ccc(C[C@H](Nc2ccccc2C(=O)c2ccccc2)C(=O)O)cc1)c1ccccn1,Q92793,CREB-binding protein,1,10.30364361657928,7rle,EDK,5.960464477539063e-08,4.532680511474609,10.303643226623535
CCc1ccc(S(N)(=O)=O)cc1,P00918,Carbonic anhydrase 2,1,10.30102998919249,6hqx,4JC,0.01384735107421875,4.038219451904297,10.301030158996582
CC1=C(c2cccc(O)c2)C(c2ccc(OCCN3CC(CF)C3)cc2)Oc2c(O)cccc21,P03372,Estrogen receptor,1,10.30102998919249,6pet,ODY,0.98974609375,9.872295379638672,10.301030158996582
CC1Cc2c([nH]c3ccccc23)C(c2c(F)cc(NC3CN(CCCF)C3)cc2F)N1CC(F)(F)CO,P03372,Estrogen receptor,1,10.30102998919249,7msa,ZNM,0.990234375,9.906396865844727,10.301030158996582
CCC1CCC=CC(O)C2CCC2CN2CC3(CCCc4cc(Cl)ccc43)COc3ccc(cc32)C(=O)NS1(=O)=O,Q07820,Induced myeloid leukemia cell differentiation protein Mcl-1,1,10.30102998919249,6oqb,N0J,0.99609375,9.070926666259766,10.301030158996582
NS(=O)(=O)c1cc(C(=O)NCCO)c(SC2CCCCC2)cc1Cl,P00918,Carbonic anhydrase 2,1,10.30102998919249,6r6f,EA3,0.994140625,9.146232604980469,10.301030158996582
CC1CC=CC(O)C2CCC2CN2CC3(CCCc4cc(Cl)ccc43)COc3ccc(cc32)C(=O)NS(=O)(=O)C1C,Q07820,Induced myeloid leukemia cell differentiation protein Mcl-1,1,10.30102998919249,6udv,Q51,0.99560546875,9.186017036437988,10.301030158996582
CCC(=O)N(c1ccccc1)C1CCN(CCc2ccccc2)CC1,P35372,Mu-type opioid receptor,1,10.292429832023153,8ef5,7V7,0.990234375,6.547291278839111,10.29242992401123
Oc1ccc2c(c1)OC(c1ccc(OCCN3CC(CF)C3)cc1)C1=C2CCOc2cc(O)ccc21,P03372,Estrogen receptor,1,10.259637312859024,6dfn,G91,0.99072265625,9.815461158752441,10.259636878967285
CO[C@H]1/C=C/C[C@H](C)[C@@H](C)S(=O)(=O)NC(=O)c2ccc3c(c2)N(C[C@@H]2CC[C@H]21)C[C@@]1(CCCc2cc(Cl)ccc21)CO3,Q07820,Induced myeloid leukemia cell differentiation protein Mcl-1,1,10.221848759323594,8av9,VF8,0.99609375,9.289740562438965,10.221848487854004
CN1CCC=CC(OCCN2CC(F)(F)C2)C2CCC2CN2CC3(CCCc4cc(Cl)ccc43)COc3ccc(cc32)C(O)(C(=O)NS(=O)(=O)N(C)C)CC1=O,Q07820,Induced myeloid leukemia cell differentiation protein Mcl-1,1,10.221848759323594,6ud2,Q4D,0.99658203125,9.073768615722656,10.221848487854004
CCCN(CCc1cccs1)[C@H]1CCc2c(O)cccc2C1,P14416,D(2) dopamine receptor,1,10.221848759323594,8irs,R5F,0.9912109375,8.278083801269531,10.221848487854004
C[C@H]1CNC(=O)c2cnn3ccc(nc23)N[C@H](C)c2cc(F)ccc2O1,P04629,High affinity nerve growth factor receptor,1,10.173925186481156,7vko,7GI,0.97509765625,8.91889476776123,10.173925399780273
CC(C)CC(NP(=O)(O)C(Cc1ccccc1)NC(=O)OCc1ccccc1)C(=O)NC(C)C(=O)O,P00800,Thermolysin,1,10.167491063691852,4tmn,0PK,0.99853515625,7.231616020202637,10.16749095916748
O=P(O)(O)C(O)(Cn1ccnc1)P(=O)(O)O,P14324,Farnesyl pyrophosphate synthase,1,10.154901958136746,3n45,ZOL,0.99755859375,7.540654182434082,10.154901504516602
CC1=C(c2cccc(O)c2)C(c2ccc(I)cc2)Oc2ccc(O)cc21,P03372,Estrogen receptor,1,10.09999902621972,6wok,G9J,0.98291015625,8.822275161743164,10.099998474121094
C=CC(=O)Nc1ccc2ncnc(Nc3cccc(Br)c3)c2c1,P00533,Epidermal growth factor receptor,1,10.096910022715294,4lqm,DJK,0.96728515625,8.670242309570312,10.096909523010254
COc1cc2c(cc1Nc1ncc(C(N)=O)c(Nc3ccccc3Br)n1)CN(C)CC2,Q92918,Mitogen-activated protein kinase kinase kinase kinase 1,1,10.026872161270964,7m0l,YK4,0.9931640625,8.69013500213623,10.026872634887695
COC1C=CCCN(C)C(=O)CC(O)(C(=O)NS(=O)(=O)N(C)C)c2ccc3c(c2)N(CC2CCC21)CC1(CCCc2cc(Cl)ccc21)CO3,Q07820,Induced myeloid leukemia cell differentiation protein Mcl-1,1,10.013228252924204,6udi,Q4S,0.9970703125,9.11213207244873,10.013228416442871
CN1CCC=CC(O)C2CCC2CN2CC3(CCCc4cc(Cl)ccc43)COc3ccc(cc32)C(O)(C(=O)O)CC1=O,Q07820,Induced myeloid leukemia cell differentiation protein Mcl-1,1,10.00436480775572,6udt,Q4V,0.99462890625,8.793858528137207,10.004364967346191
C#Cc1cccc(Nc2ncnc3cc(OCCOC)c(OCCOC)cc23)c1,P00533,Epidermal growth factor receptor,1,9.999999993528508,4hjo,AQ4,0.92333984375,7.824827671051025,10.0
Cc1ccccc1CC(C)(C)NCC(O)c1ccc(O)c2c1OCC(=O)N2,P07550,Beta-2 adrenergic receptor,1,9.999999993528508,3sn6,P0G,0.90283203125,8.613408088684082,10.0
CCC(=O)Nc1ccc2ncnc(Nc3cccc(Br)c3)c2c1,P00533,Epidermal growth factor receptor,1,9.999999993528508,4lrm,YUN,0.97265625,8.677347183227539,10.0
CC(C)c1cnc(N2CC(CS(C)(=O)=O)C2)c2cnc(Nc3ccnc(N4CCC(O)C(C)(F)C4)n3)cc12,P00533,Epidermal growth factor receptor,1,9.999999993528508,8d76,QFO,0.95751953125,7.158441543579102,10.0
NS(=O)(=O)c1ccc(C(=O)CSc2ncccn2)cc1Cl,P00918,Carbonic anhydrase 2,1,9.958607317195044,4knj,E1F,0.99365234375,8.120368003845215,9.958606719970703
CCCCC/C=C\CC(O)/C=C/C=C/C=C\C(O)CCCC(=O)O,Q15722,Leukotriene B4 receptor 1,1,9.920818763659614,7vkt,LTB,0.99853515625,8.398857116699219,9.920818328857422
COc1ccc2[nH]cc(CCN3CCCC3)c2c1F,P08908,5-hydroxytryptamine receptor 1A,1,9.920818763659614,8fye,YGH,0.9921875,6.821163177490234,9.920818328857422
NS(=O)(=O)c1cc(C(=O)NCCO)c(S(=O)(=O)c2ccccc2)cc1Cl,P00918,Carbonic anhydrase 2,1,9.920818763659614,6r6j,JTW,0.9931640625,8.300817489624023,9.920818328857422
CCNC1CN(CCCOC)S(=O)(=O)c2sc(S(N)(=O)=O)cc21,P00918,Carbonic anhydrase 2,1,9.899998428279034,6bbs,BZ1,0.99560546875,8.77680778503418,9.899998664855957
CC/C(=C(/CC)c1ccc(O)cc1)c1ccc(O)cc1,P03372,Estrogen receptor,1,9.899629447897334,4zn7,DES,0.97412109375,8.728498458862305,9.899629592895508
CCCCNC(=O)c1cc(S(N)(=O)=O)c(Cl)cc1Cl,P00918,Carbonic anhydrase 2,1,9.853871962472764,6g6t,ENN,0.9931640625,8.773965835571289,9.853872299194336
CC1CCCCC(O)C2CCC2CN2CC3(CCCc4cc(Cl)ccc43)COc3ccc(cc32)C(=O)NS1(=O)=O,Q07820,Induced myeloid leukemia cell differentiation protein Mcl-1,1,9.853871962472764,6oqd,N0M,0.9951171875,8.924577713012695,9.853872299194336
O=C(O)Cc1cc(I)c(Oc2ccc(O)c(I)c2)c(I)c1,P10827,Thyroid hormone receptor alpha,1,9.853871962472764,3jzb,4HY,0.99853515625,9.741576194763184,9.853872299194336
CN(C)CCCN1c2ccccc2CCc2ccccc21,P31645,Sodium-dependent serotonin transporter,1,9.823908723687008,7lwd,IXX,0.9736328125,8.369019508361816,9.823908805847168
CC(C)(C)OC(=O)NC(Cc1ccccc1)C(O)CNC(Cc1ccccc1)C(=O)NC(CCC(=O)O)C(=O)NC(Cc1ccccc1)C(N)=O,P03367,Gag-Pol polyprotein,1,9.823908723687008,1fqx,0ZT,5.960464477539063e-08,4.958940505981445,9.823908805847168
Cc1c(N2CCC(O)C2C)ccc(C#N)c1Cl,P10275,Androgen receptor,1,9.72124640449685,5t8e,77U,0.99560546875,8.975728988647461,9.721245765686035
CCNC1CC(C)S(=O)(=O)c2sc(S(N)(=O)=O)cc21,P00918,Carbonic anhydrase 2,1,9.700000510320065,6bc9,ETS,0.9951171875,8.924577713012695,9.700000762939453
CC12CCC3C(CCC4CC(=O)CCC43C)C1CCC2O,P10275,Androgen receptor,1,9.698969997864529,3l3x,DHT,0.98583984375,8.73986530303955,9.698969841003418
CC(=O)OC1(C(C)=O)CCC2C3CCC4=CC(=O)CCC4=C3C(c3ccc(N(C)C)cc3)CC21C,P06401,Progesterone receptor,1,9.698969997864529,4oar,2S0,0.9912109375,8.435799598693848,9.698969841003418
N#Cc1ccc2[nH]cc(CCCCN3CCN(c4ccc5oc(C(N)=O)cc5c4)CC3)c2c1,P08908,5-hydroxytryptamine receptor 1A,1,9.698969997864529,8fyl,YG7,0.994140625,9.285477638244629,9.698969841003418
Cc1cc(N)nc(C)c1CNC(=O)c1cnn(Cc2ccc(Cn3cccn3)cc2)c1,P03952,Plasma kallikrein,1,9.698969997864529,6o1s,7SD,0.990234375,8.202777862548828,9.698969841003418
CCOCC(CC(C)C)NC(=O)C1CNCC(C(=O)N(c2ccc(C(C)C)cn2)C2CC2)C1O,P00797,Renin,1,9.698969997864529,4q1n,2Y9,0.99072265625,9.045351028442383,9.698969841003418
NS(=O)(=O)c1ccc([N+](=O)[O-])cc1,P00918,Carbonic anhydrase 2,1,9.698969997864529,6rh4,4NZ,0.99609375,6.485439300537109,9.698969841003418
N#Cc1ccc(C2CCc3cncn32)c(F)c1,P19099,"Cytochrome P450 11B2, mitochondrial",1,9.698969997864529,7m8v,YSY,0.98779296875,6.965913772583008,9.698969841003418
O=P(O)(O)OC1C(O)C(O)C(OP(=O)(O)O)C(OP(=O)(O)O)C1O,P29994,"Inositol 1,4,5-trisphosphate-gated calcium channel ITPR1",1,9.677780718825398,3t8s,I3P,0.9990234375,8.462796211242676,9.677780151367188
COc1cc2c(cc1OC)CN(CCc1ccc(NC(=O)c3cc(OC)c(OC)cc3NC(=O)c3cnc4ccccc4c3)cc1)CC2,P08183,ATP-dependent translocase ABCB1,1,9.657577321531065,7a6e,R1H,0.97021484375,7.11048698425293,9.657577514648438
CN1CCN(c2ccc(C(=O)/N=C3/N=Nc4ccc(Cc5cc(F)cc(F)c5)cc43)c(NC3CCOCC3)c2)CC1,P04629,High affinity nerve growth factor receptor,1,9.657577321531065,5kvt,YMX,0.88427734375,7.6344313621521,9.657577514648438
CC(C)(N)C(=O)NC(COCc1ccccc1)C(=O)N1CCC2(CC1)CN(S(C)(=O)=O)c1ccccc12,Q92847,Growth hormone secretagogue receptor type 1,1,9.619788767995631,7na8,1KD,0.99658203125,8.535261154174805,9.619789123535156
CC(C)(O)C1CCC(NC(=O)c2cnc3nc(C4CC4)ccc3c2)CC1,O60760,Hematopoietic prostaglandin D synthase,1,9.619788767995631,6w8h,TJG,0.9970703125,8.30508041381836,9.619789123535156
CC(Nc1ncc(C(=O)N2CCC3(CCOCC3)C2)cn1)c1cnccn1,O95497,Pantetheinase,1,9.619788767995631,7sly,9S5,0.9970703125,8.695817947387695,9.619789123535156
COc1cc2c(cc1Nc1ncc(C(N)=O)c(Nc3c(F)cccc3C(F)(F)F)n1)CN(C)CC2,Q92918,Mitogen-activated protein kinase kinase kinase kinase 1,1,9.602059991327964,7m0m,YK1,0.99365234375,8.269558906555176,9.602060317993164
CC1CC(=O)NN=C1c1ccc(NC2=C(Cc3cccc(I)c3)C(=O)CCC2)cc1,Q13370,"cGMP-inhibited 3',5'-cyclic phosphodiesterase 3B",1,9.5686362185837,1so2,666,0.9970703125,9.676216125488281,9.568635940551758
CCCCCCCC/C=C\CCCCCCCC(=O)O,P30542,Adenosine receptor A1,1,9.5686362185837,5uen,OLA,5.364418029785156e-07,4.845271110534668,9.568635940551758
Cc1c(N2CCC(C)(O)C2C)ccc(C#N)c1F,P10275,Androgen receptor,1,9.537602014597718,5t8j,77T,0.99755859375,9.282636642456055,9.537601470947266
C=CC(=O)Nc1cccc(Oc2nc(Nc3ccc(N4CCN(C)CC4)cc3OC)ncc2Cl)c1,P00533,Epidermal growth factor receptor,1,9.522878728023024,5x2k,0UN,0.9404296875,8.106159210205078,9.522878646850586
CC1=C(C#N)[C@@H](c2ccc(C#N)cc2S(C)(=O)=O)NC(=O)N1c1cccc(C(F)(F)F)c1,P08246,Neutrophil elastase,1,9.522878728023024,5a0c,JJV,0.9970703125,9.090819358825684,9.522878646850586
CC(NC(=O)C(C)(C)Oc1ccc(C(F)(F)F)cn1)C(Cc1ccc(Cl)cc1)c1cccc(C#N)c1,P21554,Cannabinoid receptor 1,1,9.522878728023024,5u09,7DY,0.994140625,8.380386352539062,9.522878646850586
COc1cc2ncnc3c2cc1OCCOCCOCCOc1ccc(Cl)cc1N3,P00533,Epidermal growth factor receptor,1,9.522878728023024,7u99,M0R,0.9658203125,7.748100757598877,9.522878646850586
CNC(CNC(=O)N1CCCC(C(OCCNC(=O)OC)c2cccc(Cl)c2)C1)CC1CCCOC1,P00797,Renin,1,9.522878728023024,3q4b,RX5,0.98779296875,8.988516807556152,9.522878646850586
Cc1ccc(NC(=O)c2coc3ccccc3c2=O)cc1C,P27338,Amine oxidase [flavin-containing] B,1,9.508638302825602,6fvz,E8Z,0.99072265625,6.525312423706055,9.508638381958008
CCCCCCC(C)(C)c1ccc(C2CC(O)CCC2CCCO)c(O)c1,P21554,Cannabinoid receptor 1,1,9.500312897393696,7fee,9GF,0.994140625,8.764019966125488,9.500312805175781
O=C(C(Cc1cccc(C(F)(F)F)c1)NS(=O)(=O)c1cc(F)c2c(c1)CCNC2)N1CCCC1,Q8WTS6,Histone-lysine N-methyltransferase SETD7,1,9.4814860428648,4jlg,1L8,0.99853515625,8.201356887817383,9.481485366821289
NS(=O)(=O)c1cc(C(=O)O)c(Cl)cc1Cl,P00918,Carbonic anhydrase 2,1,9.4814860428648,8qh8,V8I,0.333740234375,4.579569339752197,9.481485366821289
O=P(O)(O)C(O)(Cc1cccnc1)P(=O)(O)O,P14324,Farnesyl pyrophosphate synthase,1,9.4436974819754,1yv5,RIS,0.99755859375,6.148560523986816,9.443696975708008
CNc1cc(F)cc2cc(C(=O)Nc3ccc(C(=O)O)cc3)c(=O)[nH]c12,P0AES6,DNA gyrase subunit B,1,9.4436974819754,7c7n,FKR,8.940696716308594e-07,4.174622535705566,9.443696975708008
COCCCNc1nc(C(C)(C)C)ncc1C(=O)N(CC(C)C)[C@@H]1CNC[C@H](C(=O)N2CCOCC2)C1,P00797,Renin,1,9.420216408832868,5kos,6VS,0.98779296875,8.891898155212402,9.420215606689453
COC[C@@H](CC(C)C)NC1=N/C(=C\c2ccc3ncsc3c2)C(=O)N1,P49759,Dual specificity protein kinase CLK1,1,9.411168261596242,8p08,WAZ,0.990234375,7.653613090515137,9.411168098449707
CC(C)(CCCCCCN=C=S)c1cc(O)c2c(c1)OC(C)(C)[C@@H]1CC[C@@H](CO)C[C@@H]21,P21554,Cannabinoid receptor 1,1,9.408935408903329,5xr8,8D0,0.9931640625,6.6823625564575195,9.408935546875
COc1ccc2c(c1)N(CCCNC(=O)c1cccc3c1NC(C)C(=O)N3)CCC2,Q92793,CREB-binding protein,1,9.408935408903329,4nyx,2O4,0.9912109375,5.550021171569824,9.408935546875
CC(C)(CCCCCCN=C=S)c1cc(O)c2c(c1)OC(C)(C)[C@@H]1CC[C@@H](CO)C[C@@H]21,P30518,Vasopressin V2 receptor,1,9.408935408903329,8wrz,8D0,0.0,5.296396255493164,9.408935546875
CNc1c(F)c(S(N)(=O)=O)c(F)c(F)c1S(=O)(=O)CCc1ccccc1,P00918,Carbonic anhydrase 2,1,9.408935408903329,5llc,V26,0.99365234375,8.589253425598145,9.408935546875
COc1cc2ncnc(Nc3ccc(F)c(Cl)c3)c2cc1OCCCN1CCOCC1,P00533,Epidermal growth factor receptor,1,9.397940002200546,4wkq,IRE,0.89013671875,7.7587571144104,9.397939682006836
Cc1ccc(CNCC2(F)CCN(C(=O)c3ccc(F)c(Cl)c3)CC2)nc1,P08908,5-hydroxytryptamine receptor 1A,1,9.397940002200546,8pkm,ZKV,5.960464477539063e-08,5.460506439208984,9.397939682006836
O=C1CCc2ccc(OCCCCN3CCN(c4cccc(Cl)c4Cl)CC3)cc2N1,P08908,5-hydroxytryptamine receptor 1A,1,9.397940002200546,7e2z,9SC,0.9619140625,7.638693809509277,9.397939682006836
COCCCCn1c(C(=O)N(CC(C)C)[C@@H]2CNC[C@H](C(=O)N3CCOCC3)C2)nc2ccccc21,P00797,Renin,1,9.366531537196424,5kot,6VU,0.99169921875,9.205909729003906,9.366531372070312
CC(C)NCC(O)COc1cccc2ccccc12,P07550,Beta-2 adrenergic receptor,1,9.337242160440088,6ps5,SNP,0.9912109375,8.87626838684082,9.337242126464844
COC1C=CCC(C)C(C)S(=O)(=O)NC(=O)c2ccc3c(c2)N(CC2CCOC21)CC1(CCCc2cc(Cl)ccc21)CO3,Q07820,Induced myeloid leukemia cell differentiation protein Mcl-1,1,9.33161409197569,8g3s,YLT,0.9951171875,8.891898155212402,9.331613540649414
CN1CC=CCCCCN2CC3(CCCc4cc(Cl)ccc43)COc3ccc(cc32)C(O)(C(=O)O)CC1=O,Q07820,Induced myeloid leukemia cell differentiation protein Mcl-1,1,9.313363729459388,6udu,Q4Y,0.994140625,8.431537628173828,9.313364028930664
CNCCCN1c2ccccc2CCc2ccccc21,P23975,Sodium-dependent noradrenaline transporter,1,9.309803911518925,8hfi,DSM,0.98193359375,8.64040470123291,9.30980396270752
CCOc1ccc2nc(S(N)(=O)=O)sc2c1,P00918,Carbonic anhydrase 2,1,9.309803911518925,6bcc,EZL,0.9951171875,8.8265380859375,9.30980396270752
Cc1cccc([C@@H]2CN(C)CCc3c2cc(O)c(O)c3Cl)c1,P21728,D(1A) dopamine receptor,1,9.309803911518925,7crh,GBU,0.0008425712585449219,6.00540828704834,9.30980396270752
C=CCc1ccccc1OCC(O)CNC(C)C,P07550,Beta-2 adrenergic receptor,1,9.30102999566398,6prz,JTZ,0.9931640625,8.82369613647461,9.301029205322266
Cc1cc(OCCCc2c3n(c4c(-c5c(C)nn(C)c5C)c(Cl)ccc24)CCCN(c2cc(C(=O)O)cc4c2ccn4C)C3=O)cc(C)c1Cl,Q07820,Induced myeloid leukemia cell differentiation protein Mcl-1,1,9.30102999566398,5if4,6AK,0.99755859375,7.08846378326416,9.301029205322266
CN1CCC23c4c5ccc(O)c4OC2C(O)C=CC3C1C5,P35372,Mu-type opioid receptor,1,9.30102999566398,8ef6,MOI,0.9873046875,8.665980339050293,9.301029205322266
Cn1cc(C(=O)N2CC(Oc3cncc(N4C(=O)c5ccc(Cl)cc5C4(C)C)c3)C2)cn1,P19099,"Cytochrome P450 11B2, mitochondrial",1,9.30102999566398,6xz9,O4W,0.9921875,8.488371849060059,9.301029205322266
NS(=O)(=O)c1ccc(C(=O)N2CCN(Cc3ccc(F)cc3)CC2)cc1,P00918,Carbonic anhydrase 2,1,9.30102999566398,6h34,FKK,0.99267578125,7.826958656311035,9.301029205322266
CC(C)(O)C1CCC(NC(=O)c2cnc3cc(OC(F)F)ccc3c2)CC1,O60760,Hematopoietic prostaglandin D synthase,1,9.30102999566398,6n4e,KCD,0.998046875,8.234037399291992,9.301029205322266
CC1=C(/C=C/C(C)=C\C=C\C(C)=C\C(=O)O)C(C)(C)CCC1,P13631,Retinoic acid receptor gamma,1,9.30102999566398,3lbd,9CR,0.9990234375,8.040799140930176,9.301029205322266
Oc1ccc2c(c1)CCC(c1ccccc1)C2c1ccc(OCCN2CCCC2)cc1,P03372,Estrogen receptor,1,9.30102999566398,2ouz,C3D,0.9833984375,8.54804801940918,9.301029205322266
NS(=O)(=O)c1ccc(C(=O)N2CCC(c3ccccc3)CC2)cc1,P00918,Carbonic anhydrase 2,1,9.30102999566398,6h2z,FKE,0.99462890625,7.7537841796875,9.301029205322266
CCCC(=O)Nc1nnc(S(N)(=O)=O)s1,P00918,Carbonic anhydrase 2,1,9.283996672295029,7jnv,VFJ,0.99462890625,7.422011852264404,9.28399658203125
CNc1cc(F)cc2c(NCCCN)c(C(=O)Nc3ccc(C(=O)O)cc3)c(=O)[nH]c12,P0AES6,DNA gyrase subunit B,1,9.283996672295029,7c7o,FKU,1.5497207641601562e-06,4.48579216003418,9.28399658203125
NS(=O)(=O)c1nnc(NC(=O)C2CCCCC2)s1,P00918,Carbonic anhydrase 2,1,9.275724153843107,7jnz,VGV,0.9921875,7.734602451324463,9.275724411010742
CC(C)(O)c1coc(S(=O)(=O)NC(=O)Nc2c3c(cc4c2CCC4)CCC3)c1,Q96P20,"NACHT, LRR and PYD domains-containing protein 3",1,9.274088363423065,7pzc,8GI,0.99853515625,7.881662368774414,9.274087905883789
NCc1ccc(CNC(=O)C2Cc3ccc(cc3)NC(=O)CCN3CCN(CCC(=O)Nc4ccc(cc4)CC(NS(=O)(=O)c4ccccc4)C(=O)N2)CC3)cc1,P00747,Plasminogen,1,9.26760622291972,8f7v,EUA,1.6689300537109375e-05,5.2047505378723145,9.267605781555176
O=C(O)c1ccc2c(c1)nc(Nc1cccc(Cl)c1)c1ccncc12,P49759,Dual specificity protein kinase CLK1,1,9.26760622291972,6khd,3NG,0.97705078125,8.251087188720703,9.267605781555176
O=C(O)c1ccc2c(c1)nc(Nc1cccc(Cl)c1)c1ccncc12,P49760,Dual specificity protein kinase CLK2,1,9.259637301092678,6khe,3NG,0.9873046875,8.536681175231934,9.259636878967285
CC(C)CN(C(=O)c1cnc(C(C)(C)C)nc1NCc1ccco1)[C@H]1CCCNC1,P00797,Renin,1,9.236572018933735,5koq,6VR,0.98876953125,8.806646347045898,9.236572265625
CC(C)C(=O)Nc1nnc(S(N)(=O)=O)s1,P00918,Carbonic anhydrase 2,1,9.229148007662646,7jnw,VFM,0.9951171875,7.321840763092041,9.229147911071777
COc1cc(Cc2cnc(N)nc2N)cc(OC)c1OC,P13922,Bifunctional dihydrofolate reductase-thymidylate synthase,1,9.229148007662646,7f3z,TOP,0.226806640625,4.701764106750488,9.229147911071777
CS(=O)(=O)N[C@@H](CCCCN)C(=O)NC[C@H](CC1(C(=O)N[C@@H](Cc2ccc(O)cc2)C(=O)O)CCCC1)C(=O)O,P08473,Neprilysin,1,9.221848732359044,6xvp,D0Z,0.99658203125,8.155889511108398,9.221848487854004
CC1(C)CCC(C)(C)c2cc(C(=O)/C=C/c3ccc(C(=O)O)cc3)ccc21,P13631,Retinoic acid receptor gamma,1,9.221848732359044,1fcz,156,0.998046875,7.640825271606445,9.221848487854004
Cc1cc2ncnn2cc1Nc1ncc2c(n1)n(C1CCOCC1)c(=O)n2C,P78527,DNA-dependent protein kinase catalytic subunit,1,9.221848732359044,7otw,MBW,0.99267578125,8.627616882324219,9.221848487854004
Cc1ccccc1CC(C)(C)NCC(O)c1ccc(O)c2c1OCC(=O)N2,P08588,Beta-1 adrenergic receptor,1,9.221848732359044,7bu7,P0G,0.424072265625,6.514700412750244,9.221848487854004
CN1CCN(c2ccc(Nc3ncc4nc(Nc5ccccc5)n(C5CCCC5)c4n3)cc2)CC1,P00533,Epidermal growth factor receptor,1,9.221848732359044,5x27,7XR,0.95849609375,8.366177558898926,9.221848487854004
NS(=O)(=O)c1ccc(C(=O)N2CCC(O)(c3ccccc3)CC2)cc1,P00918,Carbonic anhydrase 2,1,9.221848732359044,6h33,FKQ,0.994140625,7.807777404785156,9.221848487854004
CNC(=O)C[C@H]1COc2cc(F)c(CC(C)C)cc2N1C(=O)c1ccc2c(c1)NC(=O)CO2,P08235,Mineralocorticoid receptor,1,9.20000023201025,6ggg,EYN,0.9970703125,6.771432876586914,9.199999809265137
Cc1cc(OCCCc2c3n(c4c(-c5c(C)nn(C)c5C)c(Cl)ccc24)CCCN(c2cccc4c(C(=O)O)cn(C)c24)C3=O)cc(C)c1Cl,Q07820,Induced myeloid leukemia cell differentiation protein Mcl-1,1,9.18708665928697,6bw8,ECM,0.99755859375,7.179399013519287,9.18708610534668
CN(C)C/C=C/C(=O)Nc1cc2c(Nc3ccc(F)c(Cl)c3)ncnc2cc1OC1CCOC1,P00533,Epidermal growth factor receptor,1,9.18708665928697,4g5j,0WM,0.955078125,8.8165922164917,9.18708610534668
CC(C)(C)C(=O)Nc1nnc(S(N)(=O)=O)s1,P00918,Carbonic anhydrase 2,1,9.18045604720082,7jnx,VGS,0.99609375,7.482398986816406,9.180456161499023
Cc1cc(C(=O)NC(C)(C)C)cc(C#Cc2ccc3c4c(oc3c2)C(C)(C)c2cc(NS(C)(=O)=O)ccc2C4=O)n1,P04629,High affinity nerve growth factor receptor,1,9.167491082725652,5wr7,RCH,0.974609375,8.378965377807617,9.16749095916748
CCCc1nc(C)c2c(=O)nc(-c3cc(S(=O)(=O)N4CCN(CC)CC4)ccc3OCC)[nH]n12,O76074,"cGMP-specific 3',5'-cyclic phosphodiesterase",1,9.154901967381734,1uho,VDN,0.99169921875,8.042220115661621,9.154901504516602
Cc1cc(Nc2ncc3cc(-c4c(Cl)cccc4Cl)c(=O)n(C)c3n2)ccc1F,P00519,Tyrosine-protein kinase ABL1,1,9.154901967381734,2hzi,JIN,0.96240234375,8.286608695983887,9.154901504516602
CCCCNC(=O)[C@@H](C[C@H](O)[C@H](CC1CCCCC1)NC(=O)[C@H](Cc1cnc[nH]1)NC(=O)[C@H](Cc1ccccc1)CS(=O)(=O)C(C)(C)C)C(C)C,P00797,Renin,1,9.154901967381734,1rne,C60,0.986328125,8.775386810302734,9.154901504516602
NS(=O)(=O)c1ccc(NC(=O)CN2C(=O)NC3(CCCC3)C2=O)cc1,P00918,Carbonic anhydrase 2,1,9.154901967381734,6odz,M8J,0.873046875,7.720394134521484,9.154901504516602
COc1cc(N2CCC(N3CCN(C)CC3)CC2)ccc1Nc1ncc(Cl)c(Nc2ccccc2P(C)(C)=O)n1,P00533,Epidermal growth factor receptor,1,9.154901967381734,8h7x,6GY,0.92529296875,7.907238006591797,9.154901504516602
COC1C(c2ccc(C#N)c(Cl)c2C)=NN2CCC(O)C12,P10275,Androgen receptor,1,9.154901967381734,4ql8,JAD,0.98681640625,7.309763431549072,9.154901504516602
COc1cc(Nc2c(C#N)cnc3cc(OCCCN4CCN(C)CC4)c(OC)cc23)c(Cl)cc1Cl,P21860,Receptor tyrosine-protein kinase erbB-3,1,9.113509285585325,6op9,DB8,0.05560302734375,5.6750569343566895,9.113509178161621
O=C(Nc1cccc(Cl)c1)c1coc2ccccc2c1=O,P27338,Amine oxidase [flavin-containing] B,1,9.10237289691342,6fw0,E92,0.98876953125,7.031984329223633,9.102373123168945
NS(=O)(=O)C[C@H]1COc2cc(F)ccc2N1C(=O)c1ccc2c(c1)NC(=O)CO2,P08235,Mineralocorticoid receptor,1,9.100000142374892,6gg8,EY8,0.99658203125,6.292245864868164,9.100000381469727
O=C(C1=C(c2ccc(CCCOc3c(F)ccc(F)c3Cl)cc2)CC2CNCC1N2)N(Cc1cccc(Cl)c1Cl)C1CC1,P00797,Renin,1,9.096910006536564,3g72,A6T,0.98681640625,8.020907402038574,9.096909523010254
CN1C(=O)C(NC(=O)c2cc(Cc3ccccc3)on2)COc2ccccc21,Q13546,Receptor-interacting serine/threonine-protein kinase 1,1,9.096910006536564,5hx6,65U,0.99072265625,8.526735305786133,9.096909523010254
CN1C(=S)N(c2ccc(Cl)c(Cl)c2)C(=O)C1(C)c1ccc(O)cc1,P10275,Androgen receptor,1,9.096910006536564,3v4a,PK1,0.978515625,6.345705986022949,9.096909523010254
Cc1c(S(=O)(=O)c2ccc(=O)[nH]n2)oc2ccc(Cl)cc12,P15121,Aldo-keto reductase family 1 member B1,1,9.075720727497435,1z8a,62P,0.9931640625,7.4042510986328125,9.07572078704834
Cc1nc(Nc2ncc(C(=O)Nc3c(C)cccc3Cl)s2)cc(N2CCN(CCO)CC2)n1,P29317,Ephrin type-A receptor 2,1,9.070581062104075,5i9y,1N1,0.9599609375,8.479846954345703,9.07058048248291
COc1cc2c(cc1Nc1ncc(C(N)=O)c(Nc3ccccc3)n1)CN(C)CC2,Q92918,Mitogen-activated protein kinase kinase kinase kinase 1,1,9.0555173302031,7m0k,YK7,0.99267578125,8.880531311035156,9.055517196655273
CCCCCCCC/C=C\CCCCCCCC(=O)O,P28223,5-hydroxytryptamine receptor 2A,1,9.050610000335572,6wgt,OLA,3.933906555175781e-06,5.024300575256348,9.050609588623047
CN(C)CCCC1(c2ccc(F)cc2)OCc2cc(C#N)ccc21,P31645,Sodium-dependent serotonin transporter,1,9.050610000335572,5i75,68P,0.97900390625,7.983254432678223,9.050609588623047
CNC1CCC(c2ccc(Cl)c(Cl)c2)c2ccccc21,P31645,Sodium-dependent serotonin transporter,1,9.04575750206555,6awo,SRE,0.970703125,8.872005462646484,9.045757293701172
CNC(=O)N1CCc2c(c(N3CCCc4cc(-c5cnn(C)c5)c(C(F)F)cc43)nn2C2CCOCC2)C1,Q92793,CREB-binding protein,1,9.04575750206555,5w0e,9U4,0.99462890625,8.549468994140625,9.045757293701172
CC1CN(C2COC2)CCN1c1ccc(Nc2cc(-c3ccnc(N4CCn5c(cc6c5CC(C)(C)C6)C4=O)c3CO)cn(C)c2=O)nc1,P35991,Tyrosine-protein kinase BTK,1,9.04575750206555,8gmb,9AJ,0.99853515625,6.681918144226074,9.045757293701172
CCCSc1c(F)c(F)c(S(N)(=O)=O)c(F)c1F,P00918,Carbonic anhydrase 2,1,9.040958595162614,4ww6,3TV,0.99365234375,8.616250038146973,9.040958404541016
CN1C(=O)C(N2CCc3c(nn(Cc4ccccc4)c3Cl)C2=O)COc2cc(C#N)ccc21,Q13546,Receptor-interacting serine/threonine-protein kinase 1,1,9.03999991048488,6c4d,EJP,0.98876953125,7.581859588623047,9.039999961853027
c1ccc2c(-c3cnn4cc(-c5ccc(N6CCNCC6)cc5)cnc34)ccnc2c1,O00238,Bone morphogenetic protein receptor type-1B,1,9.026872147501832,3mdy,LDN,0.99560546875,7.271755218505859,9.026871681213379
c1ccc2c(-c3cnn4cc(-c5ccc(N6CCNCC6)cc5)cnc34)ccnc2c1,P62942,Peptidyl-prolyl cis-trans isomerase FKBP1A,1,9.026872147501832,3mdy,LDN,0.0,5.042771816253662,9.026871681213379
C=C1CC2C(CCC3(C)C(=O)CCC23)C2(C)C=CC(=O)C=C12,P11511,Aromatase,1,9.02227640016083,3s7s,EXM,0.99462890625,7.200356960296631,9.022275924682617
COc1ccc2c(C(=S)N(C)CC(=O)O)cccc2c1C(F)(F)F,P15121,Aldo-keto reductase family 1 member B1,1,9.0,2fzd,TOL,0.994140625,7.453981399536133,9.0
O=c1cc(C(F)(F)F)c2cc(N(CC(F)(F)F)CC(F)(F)F)ccc2[nH]1,P10275,Androgen receptor,1,9.0,2hvc,LGD,0.99365234375,7.913631439208984,9.0
CNC1CC2OC(C)(C1OC)n1c3ccccc3c3c4c(c5c6ccccc6n2c5c31)C(=O)NC4,P49137,MAP kinase-activated protein kinase 2,1,9.0,2pzy,STU,0.84521484375,6.531772613525391,9.0
CC[C@H](C)[C@@H]1C(=O)N[C@H](C2Cc3ccccc3C2)C(=O)N1[C@@H](C(=O)N1CCOCC1)c1coc(C)n1,P30559,Oxytocin receptor,1,9.0,6tpk,NU2,0.9990234375,7.181885719299316,9.0
CC(C)CC(C=O)NC(=O)C(CC(C)C)NC(=O)C(CC(C)C)NC(=O)OCc1ccccc1,O00487,26S proteasome non-ATPase regulatory subunit 14,1,9.0,8cvt,LDZ,1.1920928955078125e-07,4.634983062744141,9.0
Cc1cc(OCC(=O)O)cc(C)c1Cc1ccc(O)c(C(C)C)c1,P10827,Thyroid hormone receptor alpha,1,8.962573488760164,3hzf,B72,0.99755859375,8.788174629211426,8.962573051452637
CC(C)CCC[C@@H](C)[C@H]1CC[C@H]2[C@@H]3CC=C4C[C@@H](OC(=O)CCC(=O)O)CC[C@]4(C)[C@H]3CC[C@]12C,P08908,5-hydroxytryptamine receptor 1A,1,8.962573488760164,8fyt,Y01,0.06707763671875,7.500870227813721,8.962573051452637
CS(=O)(=O)c1cccc(CNc2nc(Nc3ccc4c(c3)CCC(=O)N4)ncc2C(F)(F)F)c1,Q05397,Focal adhesion kinase 1,1,8.958607305428696,6yoj,P4N,0.99072265625,8.046483039855957,8.958606719970703
CC(Cc1ccsc1)NC(=O)NCC(Cc1ccc(O)cc1)N(C)C,P35372,Mu-type opioid receptor,1,8.958607305428696,8efo,8QY,0.9921875,7.125406265258789,8.958606719970703
Cc1ccccc1-c1cccc2c(CCCOc3cccc4c3CCCC4)c(C(=O)O)[nH]c12,Q07820,Induced myeloid leukemia cell differentiation protein Mcl-1,1,8.958607305428696,6fs2,E4K,0.99365234375,7.976860046386719,8.958606719970703
C[C@H]1c2cccc(CCC(C)(C)O)c2C[C@H](CO)N1C(=O)Cc1c(Cl)cccc1Cl,P21728,D(1A) dopamine receptor,1,8.958607305428696,7ljc,G4C,0.82470703125,5.34754753112793,8.958606719970703
Brc1ccc(C2CCNCC2COc2ccc3c(c2)OCO3)cc1,P31645,Sodium-dependent serotonin transporter,1,8.958607305428696,6w2b,RFS,0.97705078125,7.334628582000732,8.958606719970703
CC(C)(O)COc1ccc(C(N)=O)c(OC2CCN(C(=O)Cc3ccc(OC(F)(F)F)cc3)CC2F)c1,P04629,High affinity nerve growth factor receptor,1,8.958607305428696,6dkg,GO7,0.25048828125,4.652033805847168,8.958606719970703
NS(=O)(=O)c1c(F)c(F)c(Sc2nc3ccccc3s2)c(F)c1F,P00918,Carbonic anhydrase 2,1,8.958607305428696,5llh,V49,0.99365234375,8.599199295043945,8.958606719970703
CC(=O)N1CCc2c(c(N3CCCc4cc(-c5cnn(C)c5)c(C(F)F)cc43)nn2C2CCOCC2)C1,Q92793,CREB-binding protein,1,8.958607305428696,5w0l,9UD,0.99560546875,8.141680717468262,8.958606719970703
CC(=O)N1CCc2c(c(-c3cccc4cc(-c5cnn(C)c5)ncc34)nn2C2CCOCC2)C1,Q92793,CREB-binding protein,1,8.935542023269756,6alb,BKJ,0.99365234375,8.839325904846191,8.935542106628418
Cc1cccc(C2CN(C)CCc3c2cc(O)c(O)c3Cl)c1,P21728,D(1A) dopamine receptor,1,8.928118011998665,7jvp,SK9,0.0008425712585449219,6.00540828704834,8.928117752075195
NS(=O)(=O)c1ccc(NC(=O)CN2C(=O)NC3(CCCCCC3)C2=O)cc1,P00918,Carbonic anhydrase 2,1,8.920818736695063,6oe0,M8S,0.07159423828125,7.191476345062256,8.920818328857422
CC1(C)CCC(C)(C)c2cc(C(=O)c3ccc4cc(C(=O)O)ccc4c3)ccc21,P13631,Retinoic acid receptor gamma,1,8.920818736695063,1fcy,564,0.998046875,8.370440483093262,8.920818328857422
CN1C[C@H](Nc2cnn(C)c(=O)c2Br)C[C@H](c2ccccc2)C1,Q92830,Histone acetyltransferase KAT2A,1,8.899629458169544,5mlj,9ST,0.032958984375,4.549731254577637,8.899629592895508
CNC[C@H](CC1CCCCC1)NC(=O)N1CCC[C@@H]([C@@](O)(CCCNC(C)=O)c2cccc(Cl)c2)C1,P00797,Renin,1,8.88605666362299,3km4,22X,0.986328125,8.211302757263184,8.886056900024414
COc1cc2ncnc3c2cc1OCCOCCOCCOc1cc(F)c(Cl)cc1N3,P00533,Epidermal growth factor receptor,1,8.88605666362299,7u98,M1O,0.96435546875,7.343864440917969,8.886056900024414
CC(C)C(CC(O)C(N)CN1CC(=O)N(c2ccccc2Cl)CC1(C)C)C(=O)NCC(C)(C)C(N)=O,P00797,Renin,1,8.853871971717753,3vsx,R32,0.98876953125,8.820854187011719,8.853872299194336
Cc1c2cc(cc1C(=O)Nc1cc(CN3CCN(C)CC3)cc(C3CC3)c1)OCCCCCCCNC(=O)c1ccc3ncc(n3n1)C#C2,P04629,High affinity nerve growth factor receptor,1,8.853871971717753,8j5w,A4U,0.97314453125,8.127471923828125,8.853872299194336
CC12CCC(=O)C=C1CCC1C2CCC2(C)C(O)CCC12,P10275,Androgen receptor,1,8.853871971717753,3zqt,TES,0.98095703125,6.617024898529053,8.853872299194336
Cc1nc(Nc2ncc(C(=O)Nc3c(C)cccc3Cl)s2)cc(N2CCN(CCO)CC2)n1,P51813,Cytoplasmic tyrosine-protein kinase BMX,1,8.853871971717753,3sxr,1N1,0.92626953125,8.78675365447998,8.853872299194336
Cc1nc(Nc2ncc(C(=O)Nc3c(C)cccc3Cl)s2)cc(N2CCN(CCO)CC2)n1,P35991,Tyrosine-protein kinase BTK,1,8.853871971717753,8s9f,1N1,0.0,5.3013691902160645,8.853872299194336
COCCCC/C(=N\OCCN)c1ccc(C(F)(F)F)cc1,P31645,Sodium-dependent serotonin transporter,1,8.835647132868289,6awp,FVX,0.990234375,8.44432544708252,8.835646629333496
COc1ccsc1CNCCC1(c2ccccn2)CCOC2(CCCC2)C1,P35372,Mu-type opioid receptor,1,8.823908740944319,8efb,WH2,0.00469970703125,6.572661399841309,8.823908805847168
N=C(N)NCCCC(NC(=O)C1CCCN1C(=O)C(N)Cc1ccccc1)C(=O)CCl,P00735,Prothrombin,1,8.823908740944319,2hpp,0G7,0.99365234375,8.390332221984863,8.823908805847168
NS(=O)(=O)c1ccc(C(=O)Cn2cnc3ccccc32)cc1,P00918,Carbonic anhydrase 2,1,8.823908740944319,5ll4,6YH,0.99267578125,7.826958656311035,8.823908805847168
CN(c1ncccc1CNc1nc(Nc2ccc3c(c2)CC(=O)N3)ncc1C(F)(F)F)S(C)(=O)=O,Q14289,Protein-tyrosine kinase 2-beta,1,8.823908740944319,5tob,YAM,0.9873046875,8.184307098388672,8.823908805847168
CC(C)CC(CC(C)C)NC(=O)C1CNCC(N2CC(=O)N(c3ccccc3Cl)CC2(C)C)C1,P00797,Renin,1,8.795880010872583,3vyf,VYF,0.98974609375,7.970466613769531,8.795879364013672
N#Cc1ccc(C2CCCc3cncn32)cc1,P19099,"Cytochrome P450 11B2, mitochondrial",1,8.795880010872583,7m8i,0T3,0.888671875,8.474163055419922,8.795879364013672
CCCc1nn(C)c2c(=O)[nH]c(-c3cc(S(=O)(=O)N4CCN(C)CC4)ccc3OCC)nc12,O76074,"cGMP-specific 3',5'-cyclic phosphodiesterase",1,8.795880010872583,1udt,VIA,0.912109375,8.182886123657227,8.795879364013672
CN(CCc1ccccc1)C(=O)Nc1cccc(S(N)(=O)=O)c1,P00918,Carbonic anhydrase 2,1,8.795880010872583,7asj,RWH,0.9951171875,6.698347091674805,8.795879364013672
CNc1cccc2cc(C(=O)Nc3ccc(C(=O)O)cc3)c(=O)[nH]c12,P0AES6,DNA gyrase subunit B,1,8.769551066440094,6kzz,E0R,1.6689300537109375e-05,4.471583366394043,8.769550323486328
C=CC(=O)N1CC[C@@H](Oc2nc(Nc3ccc(N4CCC(N5CCN(C)CC5)CC4)cc3)c(C(N)=O)nc2CC)C1,P00533,Epidermal growth factor receptor,1,8.769551066440094,7lg8,8RC,0.96630859375,8.263875007629395,8.769550323486328
Cc1ccc(C(=O)Nc2ccc(CN3CCN(C)CC3)c(C(F)(F)F)c2)cc1C#Cc1cnc2cccnn12,P10721,Mast/stem cell growth factor receptor Kit,1,8.769551066440094,4u0i,0LI,0.9052734375,8.162993431091309,8.769550323486328
Cc1ccc(OCC(O)C(C)NC(C)C)c2c1CCC2,P07550,Beta-2 adrenergic receptor,1,8.749580004671593,6ps4,JRZ,0.9931640625,8.964362144470215,8.749580383300781
O=C(O)c1ccc2c(c1)CCCC(c1ccc(Cl)cc1Cl)=C2c1ccc(O[C@H]2CCN(CCCF)C2)cc1,P03372,Estrogen receptor,1,8.744727506401569,6sbo,L5B,0.984375,7.390042304992676,8.74472713470459
Cc1cc(N2CCOCC2)ccc1Nc1nc(NC2CCCCC2)c2[nH]cnc2n1,P33981,Dual specificity protein kinase TTK,1,8.744727506401569,5n7v,8PT,0.9453125,6.885457515716553,8.74472713470459
CC(=O)N1CCN(c2ccc(OCc3nn(C)c(C)c3-c3cccc4c(CCCOc5cccc6ccccc56)c(C(=O)O)n(Cc5cccnc5)c34)cc2)CC1,Q07820,Induced myeloid leukemia cell differentiation protein Mcl-1,1,8.744727506401569,5vkc,9EA,0.9931640625,7.25470495223999,8.74472713470459
NCCc1ccc(O)c(O)c1,P14416,D(2) dopamine receptor,1,8.744727506401569,8u02,LDP,0.97412109375,14.37928295135498,8.74472713470459
C#C[C@]1(O)CC[C@H]2[C@@H]3CCC4=CC(=O)CC[C@@H]4[C@H]3CC[C@@]21C,P06401,Progesterone receptor,1,8.72124640449685,1sqn,NDR,0.93603515625,7.534970760345459,8.721246719360352
COc1ccc2[nH]cc(CCN(C)C)c2c1,P08908,5-hydroxytryptamine receptor 1A,1,8.72124640449685,8fy8,YFW,0.99658203125,8.00456714630127,8.721246719360352
O=P(O)(O)C(O)(Cc1cnc2ccccn12)P(=O)(O)O,P14324,Farnesyl pyrophosphate synthase,1,8.72124640449685,3b7l,M0N,0.99658203125,8.36475658416748,8.721246719360352
Cc1cc(C(C)(C)C)c(O)c(C)c1CC1=NCCN1,P35348,Alpha-1A adrenergic receptor,1,8.72124640449685,7ym8,J5C,0.99462890625,5.683582305908203,8.721246719360352
CC(C)(O)C(=O)Nc1ccc([N+](=O)[O-])c(C(F)(F)F)c1,P10275,Androgen receptor,1,8.698970004336019,4oh5,HFT,0.9921875,7.161993503570557,8.698969841003418
Cc1nc(-c2cnc(NC(C)C)n(C)c2=O)ccc1Oc1ccnc(-c2cnn(C)c2)c1,P07333,Macrophage colony-stimulating factor 1 receptor,1,8.698970004336019,7mfc,Z6V,0.9892578125,8.391753196716309,8.698969841003418
NS(=O)(=O)c1c(F)c(F)c(S(=O)(=O)CCO)c(NCc2ccccc2)c1F,P00918,Carbonic anhydrase 2,1,8.698970004336019,4qtl,WWO,0.99365234375,8.167256355285645,8.698969841003418
NS(=O)(=O)c1ccc(O)cc1,P00918,Carbonic anhydrase 2,1,8.698970004336019,6rig,K4N,0.188720703125,4.484371185302734,8.698969841003418
O=C(Nc1nccs1)C(c1cc(F)ccc1O)N1Cc2ccccc2C1=O,P00533,Epidermal growth factor receptor,1,8.698970004336019,7jxm,9LL,0.94970703125,7.594647407531738,8.698969841003418
Cc1nc(N)cc2c1CNC(=O)c1cnn(c1)Cc1ccc(Cn3cccn3)cc1OCCCC=CCCO2,P03952,Plasma kallikrein,1,8.698970004336019,5tjx,GBT,0.98828125,7.829090118408203,8.698969841003418
CC(C)n1cc(C(=O)c2ccnc(NC(=O)Nc3ccc(F)cc3F)c2)c2c(N)ncnc21,P04629,High affinity nerve growth factor receptor,1,8.698970004336019,5jfs,6K0,0.97216796875,7.480267524719238,8.698969841003418
Cc1c(F)cccc1Cc1c(C(=O)N2CCNCC2)c2c(C)c(O)ccc2n1-c1ccccc1,P00797,Renin,1,8.698970004336019,3oot,SSR,0.986328125,8.182886123657227,8.698969841003418
CC(C)C[C@H]1COc2cc(F)ccc2N1C(=O)c1ccc2c(c1)NC(=O)CO2,P08235,Mineralocorticoid receptor,1,8.698970004336019,6gev,EWN,0.9970703125,6.490056991577148,8.698969841003418
Cc1c(NC2CCCC2(C)O)ccc(C#N)c1Cl,P10275,Androgen receptor,1,8.698970004336019,5cj6,51Y,0.99169921875,8.055007934570312,8.698969841003418
Oc1cc2c(c(Cl)c1O)CCNCC2c1ccccc1,P21728,D(1A) dopamine receptor,1,8.698970004336019,7jv5,SK0,0.6728515625,6.198291301727295,8.698969841003418
CN1C(=O)CN=C(c2ccccc2)c2cc(Cl)ccc21,P14867,Gamma-aminobutyric acid receptor subunit alpha-1,1,8.677780724988724,6hup,DZP,0.998046875,7.422722339630127,8.677780151367188
CCC1C=C(C)CC(C)CC(OC)C2OC(O)(C(=O)C(=O)N3CCCCC3C(=O)OC(/C(C)=C/C3CCC(O)C(OC)C3)C(C)C(O)CC1=O)C(C)CC2OC,P62942,Peptidyl-prolyl cis-trans isomerase FKBP1A,1,8.677780724988724,7u0t,KXX,0.9921875,8.236878395080566,8.677780151367188
Cn1cc(Nc2ncc(C3=CCCC(NC(=O)c4ccccc4)C3)nc2C(N)=O)cn1,Q92918,Mitogen-activated protein kinase kinase kinase kinase 1,1,8.657577309764715,7siu,9ID,0.99365234375,7.873847484588623,8.657577514648438
CN(C(=O)c1cc2ccccc2cc1C(=O)C(c1cccc2ccccc12)P(=O)(O)O)C1CCN(C(=O)c2ccc3ccccc3c2)CC1,P23946,Chymase,1,8.638272172986222,1t31,OHH,0.9970703125,7.939207077026367,8.638272285461426
CN1c2ccc(-c3cncc(Cl)c3N3CCC4(CC3)CNC(=O)O4)cc2CS1(=O)=O,P49336,Cyclin-dependent kinase 8,1,8.638272172986222,5hbe,5Y6,0.99755859375,7.978281021118164,8.638272285461426
CNC(=O)c1cnc(N)c(OC2CN(C(=O)Cc3ccc(OC(F)(F)F)cc3)CC2(F)F)c1,P04629,High affinity nerve growth factor receptor,1,8.638272172986222,6dki,GOD,0.970703125,7.234457492828369,8.638272285461426
CNC1CC2OC(C)(C1OC)n1c3ccccc3c3c4c(c5c6ccccc6n2c5c31)C(=O)NC4,O75716,Serine/threonine-protein kinase 16,1,8.619788741031082,2buj,STU,0.96923828125,6.624151229858398,8.61978816986084
COc1cc(Nc2nccc(Nc3cnc4ccccc4c3)n2)ccc1N1CCOCC1,P08069,Insulin-like growth factor 1 receptor,1,8.619788741031082,3qqu,01P,0.986328125,7.527155876159668,8.61978816986084
Cc1cc(Oc2nccc3occc23)ccc1-c1c(C)c(=O)[nH]c(=O)n1C,P21728,D(1A) dopamine receptor,1,8.619788741031082,7joz,VFP,0.0,4.95751953125,8.61978816986084
NS(=O)(=O)c1ccc(CCN(Cc2ccco2)C(=O)CN(CCC(=O)O)CCc2ccccc2)cc1,P00918,Carbonic anhydrase 2,1,8.619788741031082,6wq8,U77,0.355224609375,7.364467144012451,8.61978816986084
N#Cc1ccc(CNC(=O)c2ncc3nc(N4CC[C@@H](O)C4)ccc3c2O)cn1,Q9GZT9,Egl nine homolog 1,1,8.602059991327963,8j1k,SY6,0.99267578125,8.427274703979492,8.602059364318848
C/C=C/C(=O)N1CCCC1c1nc(-c2ccc(C(=O)Nc3ccccn3)cc2)c2c(N)nccn12,P35991,Tyrosine-protein kinase BTK,1,8.585026667959008,8fd9,XQQ,1.7881393432617188e-07,5.459085464477539,8.585026741027832
CC/C(=C(\c1ccccc1)c1ccc(/C=C/C(=O)O)cc1)c1ccccc1,P03372,Estrogen receptor,1,8.585026667959008,1r5k,GW5,0.85205078125,6.584639072418213,8.585026741027832
CCC(=O)Nc1nnc(S(N)(=O)=O)s1,P00918,Carbonic anhydrase 2,1,8.568636228171096,7jnr,VFG,0.99560546875,7.499449253082275,8.568635940551758
CC1(N)CCN(Cc2ccn3ncnc(Nc4cc(O)cc(Br)c4)c23)CC1,Q5TCY1,Tau-tubulin kinase 1,1,8.568636228171096,4nfn,2KC,0.9990234375,6.900198936462402,8.568635940551758
CC(C)(O)c1ccc(N2CCN(c3nnc(Cc4ccccc4)c4ccccc34)CC2)nc1,Q99835,Protein smoothened,1,8.568636228171096,4qim,A8T,0.998046875,6.476425647735596,8.568635940551758
CCn1nnc2c(C)c(C(CC(=O)O)c3ccc4c(c3)CN(C(=O)c3ccccc3)CC4)ccc21,Q14145,Kelch-like ECH-associated protein 1,1,8.568636228171096,6typ,PKG,0.998046875,8.127471923828125,8.568635940551758
COc1cc(CCNCc2ccccc2O)c(OC)cc1C#N,P28223,5-hydroxytryptamine receptor 2A,1,8.567030703012303,6wha,U0G,0.00013554096221923828,5.12162971496582,8.56702995300293
Cn1c(=O)c(-c2c(Cl)cccc2Cl)cc2cnc(Nc3cccc(CO)c3)nc21,P00519,Tyrosine-protein kinase ABL1,1,8.552841976053772,2g2h,P16,0.95947265625,8.481267929077148,8.552842140197754
O=C(NCCCNc1nc(Nc2cccc(CN3CCOCC3)c2)ncc1C1CC1)C1CCC1,O75385,Serine/threonine-protein kinase ULK1,1,8.53760198781913,8p5l,1FV,0.998046875,7.63230037689209,8.537601470947266
CN1CCc2cc(Nc3ncc(C4CC4)c(NCCCNC(=O)C4CCC4)n3)ccc2C1,O75385,Serine/threonine-protein kinase ULK1,1,8.53760198781913,8p5k,HVH,0.99755859375,8.087687492370605,8.537601470947266
CNC1CC2OC(C)(C1OC)n1c3ccccc3c3c4c(c5c6ccccc6n2c5c31)C(=O)NC4,P53667,LIM domain kinase 1,1,8.53760198781913,3s95,STU,0.859375,6.922577381134033,8.537601470947266
COc1cc(Cc2cnc(N)nc2N)cc(OC)c1OC,P0ABQ4,Dihydrofolate reductase,1,8.522878745280337,6rum,TOP,0.41943359375,4.41901159286499,8.522878646850586
Cn1ccnc1C1(CNC(=O)c2cc3cc(Cl)ccc3o2)NC(=O)NC1=O,O75173,A disintegrin and metalloproteinase with thrombospondin motifs 4,1,8.522878745280337,4wki,3PW,0.99560546875,8.332077026367188,8.522878646850586
Cc1cc2c(cc(C(=O)N[C@H](CO)c3ccc(S(=O)(=O)CC(=O)O)cc3)n2C)c(Cl)c1Cl,O43175,D-3-phosphoglycerate dehydrogenase,1,8.522878745280337,6rj6,K5K,0.998046875,7.883793354034424,8.522878646850586
CC(C)(C)c1cc(C(C)(C)C)c(NC(=O)c2c[nH]c3ccccc3c2=O)cc1O,P13569,Cystic fibrosis transmembrane conductance regulator,1,8.522878745280337,6o2p,VX7,0.0,4.97741174697876,8.522878646850586
O=c1oc2c(c(O)c1C(c1cccc(NS(=O)(=O)c3ccccc3)c1)C1CC1)CCCCCC2,P03367,Gag-Pol polyprotein,1,8.522878745280337,7upj,INU,0.0,4.698922157287598,8.522878646850586
O=C1Nc2ccc(Cl)cc2C(C#CC2CC2)(C(F)(F)F)O1,P03367,Gag-Pol polyprotein,1,8.522878745280337,6bsh,EFZ,2.980232238769531e-07,5.434930801391602,8.522878646850586
COCCOc1cc(F)c2c(Nc3ccc(NC(=O)Cn4cc(C(C)C)nn4)cc3)ncnc2c1,P10721,Mast/stem cell growth factor receptor Kit,1,8.522878745280337,6gqm,F8H,0.986328125,8.202777862548828,8.522878646850586
CC1CCCN(Cc2cc3c(c(C(F)(F)F)c2)CN(c2cccc(C4(c5nncn5C)CC(C)C4)c2)C3=O)C1,Q13191,E3 ubiquitin-protein ligase CBL-B,1,8.522878745280337,8gcy,Z3N,0.99658203125,8.300817489624023,8.522878646850586
COCCCOc1cc(C(=O)N(CC2CNCC2NS(=O)(=O)Cc2ccccc2)C(C)C)ccc1OC,P00797,Renin,1,8.522878745280337,4ryg,3ZJ,0.986328125,7.558415412902832,8.522878646850586
CN(CCCOc1ccc(Cc2ccccc2)cc1)CCC(=O)O,P09960,Leukotriene A-4 hydrolase,1,8.522878745280337,3fhe,28P,0.99658203125,7.556994438171387,8.522878646850586
O=C(O)COc1cc(F)ccc1C(=S)NCc1ccc(Br)cc1F,P15121,Aldo-keto reductase family 1 member B1,1,8.522878745280337,2pev,LDT,0.99365234375,7.7779388427734375,8.522878646850586
Cc1cc2c(cc1C1(c3ccc(C(=O)O)cn3)CC1)C(C)(C)CCC2(C)C,P10276,Retinoic acid receptor alpha,1,8.522878745280337,7aos,LG2,0.998046875,7.210658073425293,8.522878646850586
CS(=O)(=O)N1CCCCC(=O)N2CCc3cc(ccc32)Nc2ncc(C(F)(F)F)c(n2)NCc2cccnc21,Q14289,Protein-tyrosine kinase 2-beta,1,8.508638319526227,5to8,7FM,0.99658203125,8.133155822753906,8.508638381958008
O=C1CC2(CCCC2)CC(=O)N1CCCCN1CCN(c2ncccn2)CC1,P08908,5-hydroxytryptamine receptor 1A,1,8.508638319526227,8fyx,YLX,0.99560546875,7.480978012084961,8.508638381958008
NS(=O)(=O)c1ccc(NC(=O)CN2C(=O)NC3(CCCCC3)C2=O)cc1,P00918,Carbonic anhydrase 2,1,8.508638319526227,6oe1,M8V,0.1644287109375,7.216341495513916,8.508638381958008
O=C(COP(=O)(O)O)N(O)CCCCOP(=O)(O)O,P9WQA3,Fructose-bisphosphate aldolase,1,8.494850015208602,4a22,TD4,0.99560546875,8.617671012878418,8.494850158691406
CN(c1ncccc1CNc1nc(Nc2ccc3c(c2)CCC(=O)N3)ncc1C(F)(F)F)S(C)(=O)=O,Q05397,Focal adhesion kinase 1,1,8.494850015208602,6yq1,P7N,0.98828125,8.92599868774414,8.494850158691406
COc1cc(C(=O)N2CCOCC2)ccc1Nc1nc(NC2CCCCC2)c2c(C#N)c[nH]c2n1,P33981,Dual specificity protein kinase TTK,1,8.494850015208602,7chm,FZF,0.9931640625,8.251087188720703,8.494850158691406
Cn1c(C#N)ccc1-c1ccc(O)cc1F,P10275,Androgen receptor,1,8.494850015208602,5vo4,9FG,0.81494140625,7.513658046722412,8.494850158691406
NS(=O)(=O)c1ccc(C(=O)N2CCc3cc(O)c(O)cc3[C@H]2c2ccccc2)cc1,P00918,Carbonic anhydrase 2,1,8.4814860663975,5n0d,8F2,0.9931640625,8.110422134399414,8.481486320495605
N[C@H]1CCSSC[C@@H](C(=O)NCc2ccccc2CC(=O)O)NC(=O)C[C@H](Cc2ccc(O)cc2)NC1=O,Q9UIQ6,Leucyl-cystinyl aminopeptidase,1,8.4814860663975,6ydx,ONN,0.0,5.058401107788086,8.481486320495605
CC(=O)C1=C(C)N(c2cccc(C(F)(F)F)c2)C(=O)N(CC(=O)O)[C@@H]1c1ccc(C#N)cc1,P08246,Neutrophil elastase,1,8.455931955649724,5a09,JJD,0.99658203125,8.646087646484375,8.455931663513184
CCC1C(O)CC(=O)N1c1ccc(C#N)c(C(F)(F)F)c1,P10275,Androgen receptor,1,8.443697510737588,5v8q,97A,0.994140625,8.353389739990234,8.443696975708008
CCCCCN(C)CCC(O)(P(=O)(O)O)P(=O)(O)O,P14324,Farnesyl pyrophosphate synthase,1,8.443697510737588,2f94,BFQ,0.99853515625,7.162703990936279,8.443696975708008
NS(=O)(=O)c1ccc(C(=O)N2CCc3cc(O)c(O)cc3[C@@H]2c2ccccc2)cc1,P00918,Carbonic anhydrase 2,1,8.443697510737588,5n0e,8F3,0.9931640625,8.110422134399414,8.443696975708008
Cc1cc(CS(=O)(=O)c2ccccc2)cc(OCc2ccc(CN3CCCC3CO)cc2)c1,Q9NYA1,Sphingosine kinase 1,1,8.443697510737588,4v24,GYR,0.99853515625,7.7935686111450195,8.443696975708008
NS(=O)(=O)c1ccc(C(=O)N2CCN(C(=O)c3ccccc3)CC2)cc1,P00918,Carbonic anhydrase 2,1,8.431798270336039,6xxt,O42,0.9931640625,7.866743087768555,8.431797981262207
CSc1cccc(Nc2ncc3cc(-c4c(Cl)cccc4Cl)c(=O)n(C)c3n2)c1,P29317,Ephrin type-A receptor 2,1,8.420216408832868,5ia3,P17,0.9208984375,8.150205612182617,8.42021656036377
Cc1ncc2sc(C(=O)N3CCCC3c3ccc(Cl)cc3)nn12,P49336,Cyclin-dependent kinase 8,1,8.420216408832868,5icp,69Z,0.99609375,6.8263139724731445,8.42021656036377
O=c1cc(CCc2ccccc2)[nH]nc1O,P14920,D-amino-acid oxidase,1,8.420216408832868,3w4k,3LD,0.998046875,8.4144868850708,8.42021656036377
NC[C@@H]1O[C@H](C23CC4CC(CC(C4)C2)C3)Cc2c1ccc(O)c2O,P21728,D(1A) dopamine receptor,1,8.408935382353617,7ckx,G3O,0.11126708984375,5.433509826660156,8.408935546875
C[n+]1cccc(CC(O)(P(=O)(O)O)P(=O)(O)O)c1,P14324,Farnesyl pyrophosphate synthase,1,8.408935382353617,3rye,UNR,0.9970703125,6.781556606292725,8.408935546875
O=c1[nH]cc(CCc2ccccc2)cc1O,P14920,D-amino-acid oxidase,1,8.408935382353617,3w4j,2LD,0.9970703125,7.482398986816406,8.408935546875
COCCCCC1(CNC(=O)C2CNCC(NS(=O)(=O)c3ccc(C)cc3)C2)c2ccccc2Oc2ccccc21,P00797,Renin,1,8.397940008672037,4gjd,0N0,0.98876953125,7.334628582000732,8.397939682006836
CC1(C)Oc2ncnc(N)c2N=C1c1ccc(C2CCC(CC(=O)O)CC2)cc1,O75907,Diacylglycerol O-acyltransferase 1,1,8.397940008672037,8esm,WS0,0.99609375,7.544206619262695,8.397939682006836
CN(c1ncccc1CNc1ccnc(Nc2ccc3c(c2)CC(=O)N3)n1)S(C)(=O)=O,Q05397,Focal adhesion kinase 1,1,8.387216153382106,6yt6,PKE,0.97412109375,6.8897199630737305,8.387215614318848
O=C(NCCCCCCCCNC(=O)C(Cl)Cl)C(Cl)Cl,O94788,Retinal dehydrogenase 2,1,8.376750729324742,6alj,CW2,0.98388671875,6.057270050048828,8.376750946044922
O=C(O)Cn1c(=O)n(Cc2ccc(Br)cc2F)c(=O)c2ccc(Cl)cc21,P15121,Aldo-keto reductase family 1 member B1,1,8.356547314100734,1iei,ZES,0.99072265625,7.750942230224609,8.356547355651855
COc1ccc(CN(CCN(C)C)c2ccccn2)cc1,P35367,Histamine H1 receptor,1,8.346787486224656,8x63,Y5E,0.99267578125,8.795278549194336,8.346787452697754
NS(=O)(=O)c1ccc(CN(Cc2cccc(NCC(=O)O)c2)S(=O)(=O)c2ccccc2)cc1,P00918,Carbonic anhydrase 2,1,8.346787486224656,8qf7,UIE,0.9931640625,7.105869293212891,8.346787452697754
COc1ccc2[nH]cc(CCN)c2c1,P28223,5-hydroxytryptamine receptor 2A,1,8.3187587453671,9j87,F5U,0.73828125,7.390752792358398,8.318758964538574
CNC1CC2OC(C)(C1OC)n1c3ccccc3c3c4c(c5c6ccccc6n2c5c31)C(=O)NC4,P52564,Dual specificity mitogen-activated protein kinase kinase 6,1,8.3187587453671,3fme,STU,0.96435546875,8.378965377807617,8.318758964538574
NS(=O)(=O)c1c(F)c(F)c(S(=O)(=O)CCO)c(NC2CCCCCCC2)c1F,P00918,Carbonic anhydrase 2,1,8.3187587453671,4pyy,V14,0.99365234375,8.290871620178223,8.318758964538574
C[C@]12CC[C@@H]3c4ccc(O)cc4CC[C@H]3[C@@H]1[C@@H](O)[C@@H](O)[C@@H]2O,P03372,Estrogen receptor,1,8.309803911518925,3l03,4OH,0.98046875,7.95767879486084,8.30980396270752
Cc1[nH]c(C(=O)Nc2nc3c(OCc4cccc(C(=O)O)c4)cc(C(=O)O)cc3s2)c(Cl)c1Cl,P0AES6,DNA gyrase subunit B,1,8.301029995663981,7p2w,4QR,0.9990234375,7.029142379760742,8.301030158996582
O=C(O)Cn1cc(Cc2nc3c(F)c(F)cc(F)c3s2)c2ccccc21,P15121,Aldo-keto reductase family 1 member B1,1,8.301029995663981,1z3n,3NA,0.65673828125,7.193963050842285,8.301030158996582
CO[C@@H](C)c1c(NC(=O)Nc2cnc(C(=O)N3CCCC3)c(Cl)c2)cnc2cc(Cl)nn12,Q9UDY8,Mucosa-associated lymphoid tissue lymphoma translocation protein 1,1,8.301029995663981,6f7i,CW5,0.99658203125,8.938786506652832,8.301030158996582
Cc1[nH]c(C(=O)Nc2nc3cc(O)c(C(=O)O)cc3s2)c(Cl)c1Cl,P0AES6,DNA gyrase subunit B,1,8.301029995663981,7p2n,4R3,0.998046875,6.388331890106201,8.301030158996582
Cc1[nH]c(C(=O)Nc2nc3c(OCc4ccccc4)cc(C(=O)O)cc3s2)c(Cl)c1Cl,P0AES6,DNA gyrase subunit B,1,8.301029995663981,7p2m,N1N,0.9990234375,6.785996913909912,8.301030158996582
CCC1C(=O)N(C)c2cnc(-n3ccnc3-c3ccccc3)nc2N1C1CCCC1,Q9NYY3,Serine/threonine-protein kinase PLK2,1,8.301029995663981,4i6f,1C7,0.998046875,8.344864845275879,8.301030158996582
COc1ccc(CNc2nc(N3CCC[C@H]3CO)ncc2C(=O)NCc2ncccn2)cc1Cl,O76074,"cGMP-specific 3',5'-cyclic phosphodiesterase",1,8.301029995663981,6l6e,E6L,0.91455078125,7.576886177062988,8.301030158996582
CC1=C(C#N)[C@@H](c2ccc(C#N)cc2)N(CC(=O)N2CCN(C(C)C)CC2)C(=O)N1c1cccc(C(F)(F)F)c1,P08246,Neutrophil elastase,1,8.301029995663981,5a0b,JJX,0.99462890625,8.299396514892578,8.301030158996582
CC(Sc1nc(-c2ccc(Cl)cc2)c(C#N)c(=O)[nH]1)C(=O)Nc1ccc(S(N)(=O)=O)cc1,P00918,Carbonic anhydrase 2,1,8.301029995663981,5j8z,6KE,0.99072265625,6.9790568351745605,8.301030158996582
O=C(/C=C/c1ccccc1)c1cccc(C(F)(F)F)c1,P27338,Amine oxidase [flavin-containing] B,1,8.301029995663981,7b0v,SKB,0.978515625,6.72978401184082,8.301030158996582
CC(C)n1c(Nc2ccccc2)nc2cnc(Nc3ccc(N4CCN(C)CC4)cc3)nc21,P00533,Epidermal growth factor receptor,1,8.301029995663981,5x2a,7XO,0.97412109375,8.209882736206055,8.301030158996582
CC(C)(C(=O)c1cccnc1)c1cccnc1,P15538,"Cytochrome P450 11B1, mitochondrial",1,8.301029995663981,7e7f,MYT,0.990234375,7.765861511230469,8.301030158996582
NS(=O)(=O)c1c(F)c(F)c(NC23CC4CC(CC(C4)C2)C3)c(F)c1F,P00918,Carbonic anhydrase 2,1,8.301029995663981,5lle,V51,0.9921875,8.249666213989258,8.301030158996582
CNC(=O)c1cc2c(Oc3ccc(I)cc3)cncc2s1,P49336,Cyclin-dependent kinase 8,1,8.275724114769947,5cei,50R,0.0007042884826660156,5.872912883758545,8.275724411010742
C=CC(=O)Nc1cccc(-n2c(=O)cc(C)c3cnc(Nc4ccc(N5CCN(C)CC5)cc4OC)nc32)c1,P00533,Epidermal growth factor receptor,1,8.275724114769947,5gmp,F62,0.96875,8.07632064819336,8.275724411010742
CCc1c(C(=O)OC)ncc2[nH]c3cc(OC)c(OC)cc3c12,P14867,Gamma-aminobutyric acid receptor subunit alpha-1,1,8.275724114769947,8dd3,R63,0.429443359375,8.141680717468262,8.275724411010742
CNC1COc2c(S(=O)(=O)NC(=O)Nc3c4c(cc5c3CCC5)CCC4)cnn2C1,Q96P20,"NACHT, LRR and PYD domains-containing protein 3",1,8.267606232507115,8etr,WTN,0.99853515625,7.271400451660156,8.267605781555176
CCC(=O)NC1CCC(N2C(=O)N(c3ccccc3Cl)Cc3cnc(Nc4ccc(N5CCN(C)CC5)c(C)c4)nc32)CC1,P00533,Epidermal growth factor receptor,1,8.259637310505756,5zto,9JO,0.95849609375,7.0238142013549805,8.259636878967285
CCCCC[C@H](O)/C=C/[C@@H]1[C@@H](C/C=C\CCCC(=O)O)[C@H]2CO[C@@H]1C2,P21731,Thromboxane A2 receptor,1,8.259637310505756,8xjo,PUC,0.9970703125,7.623775005340576,8.259636878967285
O=C1CC2(C(=O)N1)C(=O)N(Cc1ccc(Br)cc1F)C(=O)c1ccc(F)cc12,P15121,Aldo-keto reductase family 1 member B1,1,8.259637310505756,1pwl,BFI,0.9921875,7.380096435546875,8.259636878967285
O=C(O)Cn1ccc(=O)n(Cc2nc3cc(Cl)ccc3s2)c1=O,P15121,Aldo-keto reductase family 1 member B1,1,8.244125158859982,2pdn,47D,0.994140625,7.937076091766357,8.244125366210938
CN1CCN(C(=O)NC(Cc2ccccc2)C(=O)NC(CCc2ccccc2)CCS(=O)(=O)c2ccccc2)CC1,P07858,Cathepsin B,1,8.244125158859982,8he9,0IW,0.67138671875,5.920156478881836,8.244125366210938
CC(C)(C)OC(=O)NCCCCOc1ccc(S(N)(=O)=O)cc1,P00918,Carbonic anhydrase 2,1,8.244125158859982,4rfc,3O1,0.99365234375,8.472742080688477,8.244125366210938
CC(C(O)c1ccc(O)cc1)N1CCC(Cc2ccccc2)CC1,Q00960,"Glutamate receptor ionotropic, NMDA 2B",1,8.236571992155149,3qel,QEL,0.9990234375,7.768703460693359,8.236572265625
CCCCCCCCc1ccc(CC[C@](N)(CO)COP(=O)(O)O)cc1,Q99500,Sphingosine 1-phosphate receptor 3,1,8.229147981337933,7ew2,J89,0.99365234375,8.006698608398438,8.229147911071777
CNCC(O)c1ccc(O)c(O)c1,P35348,Alpha-1A adrenergic receptor,1,8.229147981337933,8thl,ALE,0.00045299530029296875,5.758177757263184,8.229147911071777
CC(C)(CO)n1cc(C(=O)c2cncc(NC(=O)Cc3ccc(Cl)cn3)c2)c2cnc(N)nc21,P04629,High affinity nerve growth factor receptor,1,8.221848749616356,5jfx,6K4,0.97265625,8.214144706726074,8.221848487854004
CC(C)n1cc(C(=O)c2cncc(NC(=O)Cc3ccc(Cl)cc3)c2)c2c(N)ncnc21,P04629,High affinity nerve growth factor receptor,1,8.221848749616356,5jfv,6K1,0.9755859375,8.008830070495605,8.221848487854004
O=C(c1cc(O)cc(F)c1)c1cc(O)c(O)c([N+](=O)[O-])c1,P02766,Transthyretin,1,8.207608323862246,7qc5,AQI,0.98291015625,7.487371921539307,8.207608222961426
NS(=O)(=O)c1ccc([Se]C2CCCCC2)cc1,P00918,Carbonic anhydrase 2,1,8.20065943739799,6d1m,FQY,0.9912109375,7.1460089683532715,8.200658798217773
Cc1cn([C@H]2C[C@H](n3cc(CNC(=O)Nc4cccc(S(N)(=O)=O)c4)nn3)[C@@H](CO)O2)c(=O)[nH]c1=O,P00918,Carbonic anhydrase 2,1,8.20065943739799,7nh6,UDE,2.980232238769531e-07,5.072609901428223,8.200658798217773
CSc1ccc2c(c1)[C@@H](N1CCN(C)CC1)Cc1ccccc1S2,P28223,5-hydroxytryptamine receptor 2A,1,8.20065943739799,6wh4,89F,0.97265625,7.395015716552734,8.200658798217773
O=C(Nc1ccccc1)NC1CC(C(=O)O)Nc2cc(Cl)cc(Cl)c21,Q00959,"Glutamate receptor ionotropic, NMDA 2A",1,8.20065943739799,6usu,QGM,0.0001881122589111328,4.913473129272461,8.200658798217773
O=C(Nc1ccccc1)NC1CC(C(=O)O)Nc2cc(Cl)cc(Cl)c21,Q00960,"Glutamate receptor ionotropic, NMDA 2B",1,8.20065943739799,6whu,QGM,5.125999450683594e-06,5.079714298248291,8.200658798217773
CC(C)(C)Nc1nc(Nc2ccc(C(N)=O)cc2)cc(N)c1C#N,P33981,Dual specificity protein kinase TTK,1,8.19382001954462,5n93,8QE,0.994140625,7.3055009841918945,8.193819999694824
COc1cc(N2CCCC2=O)ccc1Nc1nc(NC2CCCCC2)c2c(C#N)c[nH]c2n1,P33981,Dual specificity protein kinase TTK,1,8.19382001954462,7chn,FZL,0.994140625,7.679899215698242,8.193819999694824
NS(=O)(=O)c1ccc(NC(=S)N[C@@H]2CCN(c3cccc([N+](=O)[O-])n3)C2)cc1,P00918,Carbonic anhydrase 2,1,8.173925209662622,8bjx,QKO,0.978515625,7.390752792358398,8.173925399780273
O=C1CCSc2ccc(Cl)cc21,P40337,von Hippel-Lindau disease tumor suppressor,1,8.173925209662622,6gmx,F7B,5.960464477539063e-08,2.4980006217956543,8.173925399780273
O=C(Nc1cccc(Oc2ccc(Nc3ncnc4ccn(CCOCCO)c34)cc2Cl)c1)NC1CCCCC1,P00533,Epidermal growth factor receptor,1,8.161150903260202,3w2s,W2R,0.9697265625,7.791437149047852,8.161150932312012
O=C(c1cnc(NCc2cnccn2)nc1)N1CCC2(CCOCC2)C1,O95497,Pantetheinase,1,8.161150903260202,7slv,9TC,0.99658203125,8.232616424560547,8.161150932312012
Cc1cc(Oc2ncccc2OC(F)F)ccc1-c1c(C)c(=O)[nH]c(=O)n1C,P21728,D(1A) dopamine receptor,1,8.160521962215972,7cky,G3U,0.0,4.877951145172119,8.160521507263184
NCCc1ccc(O)c(O)c1,P21728,D(1A) dopamine receptor,1,8.154901959985743,7ckz,LDP,0.99658203125,5.873268127441406,8.154901504516602
COc1cc(Nc2c(C#N)cnc3cc(OCCCN4CCN(C)CC4)c(OC)cc23)c(Cl)cc1Cl,O94804,Serine/threonine-protein kinase 10,1,8.154901959985743,5ajq,DB8,0.849609375,5.522314071655273,8.154901504516602
COc1cc(OC2CCN(C)CC2)ccc1Nc1ncc2c(n1)n(C1CCCC1)c(=O)n2C,P33981,Dual specificity protein kinase TTK,1,8.154901959985743,5ap3,AU5,0.845703125,6.2203145027160645,8.154901504516602
Cc1cc(OCCCc2c3n(c4c(-c5c(C)nn(C)c5C)cccc24)CCCN(Cc2cccc(C(=O)O)c2)C3=O)cc(C)c1Cl,Q07820,Induced myeloid leukemia cell differentiation protein Mcl-1,1,8.154901959985743,6bw2,ECY,0.9970703125,7.341022491455078,8.154901504516602
CC(C)c1cc(Oc2c(Cl)cc(CC(=O)O)cc2Cl)ccc1O,P10827,Thyroid hormone receptor alpha,1,8.14387556614093,1nav,IH5,0.99755859375,7.966203689575195,8.143875122070312
CCCCOc1ccc(S(N)(=O)=O)cc1,P00918,Carbonic anhydrase 2,1,8.13667712853227,6i3e,H1Z,0.3828125,5.054138660430908,8.136676788330078
NS(=O)(=O)c1ccc(S[C@@H]2O[C@H](CO)[C@@H](O)[C@H](O)[C@H]2O)cc1,P00918,Carbonic anhydrase 2,1,8.1249387366083,7zwb,K7P,0.994140625,7.112263202667236,8.12493896484375
CCC(C)(C)C(=O)C(=O)N1CCCC1C(=O)OCCCc1cccnc1,P62942,Peptidyl-prolyl cis-trans isomerase FKBP1A,1,8.1249387366083,1f40,GPI,0.99853515625,5.607565879821777,8.12493896484375
O=C1Cc2cc(Nc3ncc(C(F)(F)F)c(NCc4cccnc4)n3)ccc2N1,Q05397,Focal adhesion kinase 1,1,8.119186413168887,6yvs,PVT,0.99169921875,7.647219181060791,8.119186401367188
COC(=N)c1nc2ccc3ncnc(Nc4ccc(OC)cc4F)c3c2s1,P49759,Dual specificity protein kinase CLK1,1,8.119186413168887,6yti,7A7,0.98486328125,7.6344313621521,8.119186401367188
CC#CC[Se]c1ccc(S(N)(=O)=O)cc1,P00918,Carbonic anhydrase 2,1,8.119186413168887,6d1l,FQV,0.99560546875,7.68416166305542,8.119186401367188
CC(C)CCNC(=O)C1CNCC(N2CC(=O)N(c3ccccc3Cl)CC2(C)C)C1,P00797,Renin,1,8.113509285585323,3vye,VYE,0.98876953125,7.914341926574707,8.113509178161621
CNC(=O)OC1COc2ccc(N3CCN(C4COC4)CC3)cc2C1NC(=O)c1ccc(F)cc1,P25774,Cathepsin S,1,8.113509285585323,4p6g,2FZ,0.9912109375,7.541364669799805,8.113509178161621
CCCCC/C=C\C(C)/C=C\C/C=C\C/C=C\CCCC(=O)NC(C)CO,P21554,Cannabinoid receptor 1,1,8.107905386689636,8ghv,ZI5,1.329183578491211e-05,5.037088394165039,8.107905387878418
N#Cc1ccc(O[C@@H]2c3ccccc3C[C@H]2N2CCC[C@@H](N)C2)c(Cl)c1,Q9Y210,Short transient receptor potential channel 6,1,8.102372903466831,7dxg,HOR,0.998046875,7.092015743255615,8.102373123168945
C#CCNC(=O)c1ccc(F)cc1OCC(=O)O,P15121,Aldo-keto reductase family 1 member B1,1,8.097648934966447,4puw,2WQ,0.98681640625,5.44700813293457,8.097648620605469
C[C@@H](NS(C)(=O)=O)c1cncc(N2C(=O)c3ccc(Cl)cc3C2(C)C)c1,P19099,"Cytochrome P450 11B2, mitochondrial",1,8.096910013008056,6xz8,O4T,0.9892578125,8.59067440032959,8.096909523010254
CCCOc1cc2c(cc1/C(C)=C\C=C\C(C)=C\C(=O)O)C(C)(C)CCC2(C)C,P10276,Retinoic acid receptor alpha,1,8.096910013008056,3a9e,754,0.9990234375,7.189700603485107,8.096909523010254
CN(c1ccccc1CNc1nc(Nc2ccc3c(c2)CC(=O)N3)ncc1C(F)(F)F)S(C)(=O)=O,Q14289,Protein-tyrosine kinase 2-beta,1,8.096910013008056,3fzr,3JZ,0.994140625,7.893739700317383,8.096909523010254
O=C1NC(=O)C(CNC(=O)c2cc3cc(Cl)ccc3o2)(c2nccs2)N1,O75173,A disintegrin and metalloproteinase with thrombospondin motifs 4,1,8.096910013008056,4wke,3PU,0.99658203125,7.960520267486572,8.096909523010254
NS(=O)(=O)c1ccc(C(=O)N2CCNC[C@H]2Cc2ccccc2)cc1,P00918,Carbonic anhydrase 2,1,8.09151496066824,6rg3,K1W,0.9951171875,7.190055847167969,8.091514587402344
CSc1nc(N)c2ncn(C3OC(COP(=O)(O)OP(=O)(O)OP(=O)(O)O)C(O)C3O)c2n1,P56373,P2X purinoceptor 3,1,8.086186157718124,5svp,6AT,0.298583984375,5.320550918579102,8.086185455322266
CC1=C(/C=C/C(C)=C/C=C/C(C)=C/CO)C(C)(C)CCC1,P02766,Transthyretin,1,8.080921897643794,1qab,RTL,9.5367431640625e-07,5.336180686950684,8.080921173095703
O=C(Nc1ccc2c(c1)Oc1ncccc1C(=O)N2c1ccncc1)Nc1ccc(Cl)c(C(F)(F)F)c1,P49336,Cyclin-dependent kinase 8,1,8.080921897643794,6tpa,NZ8,0.998046875,6.073610305786133,8.080921173095703
CS(=O)(=O)N(Cc1ccc(S(N)(=O)=O)cc1)Cc1cccc(NCC(=O)O)c1,P00918,Carbonic anhydrase 2,1,8.070581074285707,8qfk,UII,0.99365234375,7.128958225250244,8.07058048248291
Cc1cc(Oc2ncccc2C(F)(F)F)ccc1-c1c(C)c(=O)[nH]c(=O)n1C,P21728,D(1A) dopamine receptor,1,8.070581074285707,7x2d,86W,0.0,4.95751953125,8.07058048248291
CC[C@@H](NC(=O)N1C/C(=N/Oc2ccccc2)NC[C@@H](Cc2cc(Cl)ccc2OC)C1=O)c1ccc(C(=O)O)c(N)c1,P23946,Chymase,1,8.050610011969717,5yjm,8W3,0.99658203125,7.571913242340088,8.050609588623047
Cc1ccccc1-c1cccc2c(CCCOc3cccc4ccccc34)c(C(=O)O)n(CCN3CCOCC3)c12,Q07820,Induced myeloid leukemia cell differentiation protein Mcl-1,1,8.045757490560675,6b4u,CN7,0.9951171875,7.744548797607422,8.045757293701172
Cc1nc(=O)c2cc(CN(C)c3ccc(C(=O)NC(CCC(=O)O)C(=O)O)s3)ccc2[nH]1,P04818,Thymidylate synthase,1,8.045757490560675,1hvy,D16,0.958984375,6.077517509460449,8.045757293701172
COC(C(=O)n1cc2c(c1)/C(=N\C(=O)c1ccc(N3CCN(C)CC3)cc1)N=N2)c1ccccc1,P29317,Ephrin type-A receptor 2,1,8.045757490560675,5i9z,627,0.0169219970703125,6.364177227020264,8.045757293701172
NS(=O)(=O)c1ccc(NC(=O)Cc2ccccc2)cc1,P00918,Carbonic anhydrase 2,1,8.045757490560675,3oys,OYS,0.9921875,7.3502583503723145,8.045757293701172
CC(=O)/N=c1\sc(S(N)(=O)=O)nn1C,P00918,Carbonic anhydrase 2,1,8.045757490560675,5c8i,MZM,0.9765625,6.960230350494385,8.045757293701172
O=C(N[C@H]1CCS[C@H]2CCC[C@@H](C(=O)O)N2C1=O)[C@@H](S)Cc1ccccc1,P08473,Neprilysin,1,8.045757490560675,6suk,FT8,0.99658203125,8.877689361572266,8.045757293701172
O=C(O)c1cc(C(=O)O)c(C(=O)N(Cc2cccc(Oc3ccccc3)c2)C2CCCc3ccccc32)cc1C(=O)O,P56373,P2X purinoceptor 3,1,8.045757490560675,5svr,71C,0.978515625,7.0394439697265625,8.045757293701172
CC(C)CC(NC(=O)C(CC(C)C)NP(=O)(O)CNC(=O)OCc1ccccc1)C(=O)O,P00800,Thermolysin,1,8.040005167121262,5tmn,0PJ,0.93212890625,5.96597957611084,8.04000473022461
Cc1cn([C@H]2C[C@H](n3cc(COc4ccc(S(N)(=O)=O)cc4)nn3)[C@@H](CO)O2)c(=O)[nH]c1=O,P00918,Carbonic anhydrase 2,1,8.031517042539065,6ypw,P75,0.0316162109375,6.132575988769531,8.031517028808594
CN(Cc1ccccc1)C(=O)Nc1cccc(S(N)(=O)=O)c1,P00918,Carbonic anhydrase 2,1,8.031517042539065,7rny,65M,0.99365234375,6.691953182220459,8.031517028808594
CN(c1ncccc1CNc1nc(Nc2ccc3c(c2)CC(=O)N3)ncc1C(F)(F)F)S(C)(=O)=O,Q05397,Focal adhesion kinase 1,1,8.031517042539065,3bz3,YAM,0.98486328125,8.839325904846191,8.031517028808594
NS(=O)(=O)c1ccc(CCN(Cc2cccc(NCC(=O)O)c2)S(=O)(=O)c2ccccc2)cc1,P00918,Carbonic anhydrase 2,1,8.026872164024791,8qf9,UHO,0.994140625,6.708026885986328,8.026871681213379
C[C@H]1SC(N)=N[C@](C)(c2cc(NC(=O)c3cc4c(cn3)OCCO4)ccc2F)[C@H]1F,Q9Y5Z0,Beta-secretase 2,1,8.017728749703119,7f1g,0QQ,0.994140625,6.048745155334473,8.017728805541992
CN1C(=O)N(c2ccc(C#N)c(C(F)(F)F)c2)C(=O)C1(C)c1ccc(O)cc1,P10275,Androgen receptor,1,8.017728749703119,3v49,PK0,0.994140625,6.843897342681885,8.017728805541992
c1cc(-c2cnn3cc(-c4ccc(OCCN5CCCCC5)cc4)cnc23)ccn1,P62942,Peptidyl-prolyl cis-trans isomerase FKBP1A,1,8.010550172148665,3h9r,TAK,1.1920928955078125e-07,4.269820213317871,8.010549545288086
C=CC1CN2CCC1CC2C(O)c1ccnc2ccc(OC)cc12,P10635,Cytochrome P450 2D6,1,8.008773915854944,4wnu,QDN,0.9013671875,7.304080009460449,8.008773803710938
Cc1ncc([N+](=O)[O-])n1CCNS(N)(=O)=O,P00918,Carbonic anhydrase 2,1,8.0,4mo8,2VQ,0.9951171875,6.361868381500244,8.0
Cc1cc(Nc2ccc(S(F)(F)(F)(F)F)cc2)n2nc(C(C)(F)F)nc2n1,Q08210,"Dihydroorotate dehydrogenase (quinone), mitochondrial",1,8.0,4rx0,D65,0.99755859375,7.149916172027588,8.0
CN(Cc1ccccc1)Cc1ccc(COc2ccc3c(CO)cc(=O)oc3c2)cc1,P27338,Amine oxidase [flavin-containing] B,1,8.0,7p4f,5IK,0.97412109375,8.02943229675293,8.0
C[C@]12CC[C@@H]3c4ccc(OS(N)(=O)=O)cc4CC[C@H]3[C@@H]1CCC2=O,P00918,Carbonic anhydrase 2,1,8.0,8omb,VRN,0.9931640625,7.694108009338379,8.0
Cc1cc(C)nc(Sc2c(F)c(F)c(S(N)(=O)=O)c(F)c2F)n1,P00918,Carbonic anhydrase 2,1,8.0,4ht0,V50,0.994140625,8.40738296508789,8.0
NS(=O)(=O)c1c(F)c(F)c(S(=O)(=O)CCO)c(F)c1F,P00918,Carbonic anhydrase 2,1,8.0,4pzh,V13,0.99267578125,8.00456714630127,8.0
O=C1NS(=O)(=O)CCOCCCCCCN2CC3(CCc4cc(Cl)ccc43)COc3ccc1cc32,Q07820,Induced myeloid leukemia cell differentiation protein Mcl-1,1,8.0,6oqn,N0P,0.99462890625,7.9484429359436035,8.0
CC12CCC3c4ccc(O)cc4CCC3C1CCC2(O)C#Cc1ccc(N)cc1,P03372,Estrogen receptor,1,8.0,5tlo,7EE,0.982421875,6.961296081542969,8.0
CN(C)C1CC23CCC4(O2)C(=CCC2(C)C(c5ccc6ccncc6c5)CCC42)C=C3C(O)C1O,P49336,Cyclin-dependent kinase 8,1,8.0,4crl,C1I,0.99609375,7.905106544494629,8.0
CCCC(C(=O)Nc1ccc(S(N)(=O)=O)cc1)C(C)(C)C,P00918,Carbonic anhydrase 2,1,7.995678609814368,3oy0,OY0,0.9951171875,7.779359817504883,7.995678424835205
CC(O)(CS(=O)(=O)c1ccc(F)cc1)C(=O)Nc1ccc(C#N)c(C(F)(F)F)c1,P10275,Androgen receptor,1,7.958607314841775,4okx,198,0.99365234375,6.31107234954834,7.958607196807861
O=C(O)C1CCN(Cc2ccc(Oc3nc4ccccc4s3)cc2)CC1,P09960,Leukotriene A-4 hydrolase,1,7.958607314841775,6enc,BGW,0.9951171875,7.282767295837402,7.958607196807861
O=c1oc2cc(O)ccc2c2oc3cc(O)ccc3c12,P03372,Estrogen receptor,1,7.958607314841775,5kr9,CUE,0.98486328125,7.343153953552246,7.958607196807861
CC(=O)NC1C(O)OC(CO)C(O)C1O,P41595,5-hydroxytryptamine receptor 2B,1,7.958607314841775,7srs,NAG,0.0,4.9333648681640625,7.958607196807861
O=C(O)COc1cc(F)ccc1C(=O)NCc1nc2c(F)c(F)cc(F)c2s1,P15121,Aldo-keto reductase family 1 member B1,1,7.958607314841775,1t41,ID5,0.9873046875,8.161572456359863,7.958607196807861
Cn1ncc2cc(-c3cnc(N)c(Cl)c3N3CCC4(CCNC4=O)CC3)ccc21,P49336,Cyclin-dependent kinase 8,1,7.958607314841775,5hbj,5Y8,0.99658203125,8.37186050415039,7.958607196807861
COc1cc(C2CN(C(=O)c3cc(COCC(O)CO)ccn3)C2)ccc1OCc1ccc(C2CC2)cc1,P07333,Macrophage colony-stimulating factor 1 receptor,1,7.958607314841775,6ig8,A7O,0.984375,8.033695220947266,7.958607196807861
CN1C(N)=NC(C)(c2cc(NC(=O)c3ccc(F)cn3)ccc2F)CS1(=O)=O,Q9Y5Z0,Beta-secretase 2,1,7.958607314841775,7d5b,66F,0.99365234375,8.663138389587402,7.958607196807861
Cc1cc(C)nc(SCC(=O)c2ccc(S(N)(=O)=O)c(Cl)c2)n1,P00918,Carbonic anhydrase 2,1,7.958607314841775,4kni,E1E,0.99365234375,7.858928203582764,7.958607196807861
Cc1cc(CSC(=N)NC(=N)N)c(C)cc1CSC(=N)NC(=N)N,P0ABQ4,Dihydrofolate reductase,1,7.939302159646388,2anq,C1A,0.9951171875,6.737332344055176,7.93930196762085
CCC#CCOC1CC2C(CCC3(C)C(=O)CCC23)C2(C)C=CC(=O)C=C12,P11511,Aromatase,1,7.928117985673951,4gl7,0XJ,0.99072265625,7.8361945152282715,7.928117752075195
C#CCN(C)CCCOc1ccc(Cl)cc1Cl,P21397,Amine oxidase [flavin-containing] A,1,7.920818753952375,2bxs,MLG,0.97705078125,8.17293930053711,7.920818328857422
COc1cc2ncnc(Nc3cc(Cl)c(F)cc3O)c2cc1O,P00533,Epidermal growth factor receptor,1,7.920818753952375,7u9a,M19,0.97021484375,7.0966339111328125,7.920818328857422
O=P(O)(O)C(Nc1cc(-c2ccc(OC3CC3)cc2)ccn1)P(=O)(O)O,P14324,Farnesyl pyrophosphate synthase,1,7.920818753952375,4pvx,YS1,0.9970703125,6.851179122924805,7.920818328857422
C=CCOc1ccc(S(N)(=O)=O)cc1,P00918,Carbonic anhydrase 2,1,7.920818753952375,4rux,3W3,0.97705078125,5.762440204620361,7.920818328857422
CC1=C2CC3C(CC=C4CC(O)CCC43C)C2CCC12OC1CC(C)CNC1C2C,Q99835,Protein smoothened,1,7.896196285566492,4o9r,CY8,0.99658203125,7.176912784576416,7.896196365356445
CCCSc1ccc(S(N)(=O)=O)cc1,P00918,Carbonic anhydrase 2,1,7.886056647693163,5llg,VD9,0.9921875,7.5207624435424805,7.886056423187256
COc1ccc(Nc2ncc3c(n2)n([C@H]2CC[C@H](O)CC2)c(=O)n3C)c(C)c1,P07333,Macrophage colony-stimulating factor 1 receptor,1,7.886056647693163,6t2w,M9T,0.004150390625,6.4686994552612305,7.886056423187256
CCCOc1ccc(S(N)(=O)=O)cc1,P00918,Carbonic anhydrase 2,1,7.886056647693163,4ruy,3W6,0.9892578125,6.326701641082764,7.886056423187256
NC(CCc1ccccc1)P(=O)(O)CC(Cc1ccccc1)C(=O)O,Q8IL11,Leucine aminopeptidase,1,7.886056647693163,3kr5,BEY,9.5367431640625e-07,5.0939226150512695,7.886056423187256
O=c1oc2ccccc2cc1O,P14920,D-amino-acid oxidase,1,7.886056647693163,3znp,SE2,0.99609375,5.883569240570068,7.886056423187256
O=C(O)COc1cc(F)ccc1C(=O)NCc1nc2ccccc2s1,P15121,Aldo-keto reductase family 1 member B1,1,7.857397825103328,4qr6,37V,0.99267578125,7.164835453033447,7.857397556304932
O=C(O)COc1cc(Cl)ccc1C(=O)NCc1cccc([N+](=O)[O-])c1,P15121,Aldo-keto reductase family 1 member B1,1,7.853871964321762,2pdp,393,0.99169921875,7.672084331512451,7.853871822357178
Cc1nc(Nc2ncc(C(=O)Nc3ccc(Oc4ccccc4)cc3)s2)cc(N2CCN(CCO)CC2)n1,P00519,Tyrosine-protein kinase ABL1,1,7.853871964321762,4yc8,4B7,0.9775390625,7.431247711181641,7.853871822357178
NS(=O)(=O)c1ccc(NC(=S)Nc2ccc(F)cc2)cc1,P00918,Carbonic anhydrase 2,1,7.853871964321762,5uln,8JS,0.99462890625,7.157731056213379,7.853871822357178
CCn1nnc2c(C)c(C(CC(=O)O)c3cc(C)c4c(c3)CN(C(=O)c3ccccc3)CC4)ccc21,Q14145,Kelch-like ECH-associated protein 1,1,7.853871964321762,6tym,08A,0.99853515625,7.557704925537109,7.853871822357178
CCCCc1cnc(SCC(=O)c2ccc(S(N)(=O)=O)cc2)nc1,P00918,Carbonic anhydrase 2,1,7.853871964321762,3sap,E2I,0.9931640625,7.862480640411377,7.853871822357178
COc1cc(C(=O)c2cc(O)cc(F)c2)cc([N+](=O)[O-])c1O,P02766,Transthyretin,1,7.853871964321762,8pm9,ZP2,0.99462890625,7.68913459777832,7.853871822357178
C[C@H]1CN(Cc2ccccc2C(=O)N[C@H]2N=C(c3ccccc3)c3ccncc3NC2=O)CCO1,Q13191,E3 ubiquitin-protein ligase CBL-B,1,7.823908740944319,8qni,W7R,0.99609375,7.304790496826172,7.823908805847168
CC1CNCCc2ccc(Cl)cc21,P28335,5-hydroxytryptamine receptor 2C,1,7.823908740944319,8dpi,T4U,0.8115234375,8.084846496582031,7.823908805847168
CC(=O)C1=C(C)N(c2cccc(C(F)(F)F)c2)C(=O)N[C@@H]1c1ccc(C#N)nc1,P08246,Neutrophil elastase,1,7.823908740944319,5a0a,JJS,0.99560546875,7.728208541870117,7.823908805847168
CCN1/C(=C/C(C)=O)Sc2ccc(OC)cc21,P49759,Dual specificity protein kinase CLK1,1,7.823908740944319,6yte,EAE,0.98583984375,7.196449279785156,7.823908805847168
O=C(/C=C/c1ccccc1)c1ccc(C(F)(F)F)cc1,P27338,Amine oxidase [flavin-containing] B,1,7.823908740944319,7b0z,SK5,0.9755859375,6.384779930114746,7.823908805847168
Cc1ccc2nc(N)[nH]c(=O)c2c1Sc1ccncc1,P04818,Thymidylate synthase,1,7.823908740944319,5x67,7Z9,0.9921875,6.2775044441223145,7.823908805847168
CC(=O)N1CCc2c(c(N3CCCc4cc(-c5cnn(C)c5)ccc43)nn2C2CCOC2)C1,Q92793,CREB-binding protein,1,7.795880017344075,5w0f,9U7,0.9931640625,7.277439117431641,7.79587984085083
O=c1[nH]c2cc(Cl)c(Cl)cc2n1C1CCN(Cc2ccc(Cl)cc2)CC1,P35372,Mu-type opioid receptor,1,7.795880017344075,8efl,WH9,0.193359375,5.261585235595703,7.79587984085083
Cn1ccnc1CN1CCC2(CC1)CCN(c1ccc(-c3ccccc3)cc1)C2=O,Q9GZT9,Egl nine homolog 1,1,7.795880017344075,4jzr,4JR,0.994140625,7.318999290466309,7.79587984085083
Cc1ncc(CNC(=O)c2cnc(CNS(=O)(=O)c3ccc(F)c(F)c3)c(C)n2)s1,Q00959,"Glutamate receptor ionotropic, NMDA 2A",1,7.790484965004259,5jty,6ND,1.1920928955078125e-07,4.845271110534668,7.79048490524292
Oc1ccc2c(c1)CCN(c1ccccc1)C2c1ccc(OCCN2CCCCC2)cc1,P03372,Estrogen receptor,1,7.7830428047022675,1uom,PTI,0.98486328125,7.885924816131592,7.783042907714844
CNc1nccc(N2CCC(NC(=O)Nc3ccc(CN4CCOCC4)c(C(F)(F)F)c3)C2)n1,P49336,Cyclin-dependent kinase 8,1,7.769551078621726,5hvy,66X,0.998046875,6.135773181915283,7.769550800323486
Cc1noc(C)c1-c1cc(C(=O)NCc2ccc(S(C)(=O)=O)cc2)c(=O)n(-c2cccc(Cl)c2)c1C,P08246,Neutrophil elastase,1,7.769551078621726,5abw,WQQ,0.99462890625,7.896581172943115,7.769550800323486
Cc1nn(C)c(C)c1N(C)S(=O)(=O)c1c(Cl)cc(CCCN2CCN3CCC[C@@H]3C2)cc1Cl,P30419,Glycylpeptide N-tetradecanoyltransferase 1,1,7.744727494896693,6fz5,BXN,0.998046875,7.679899215698242,7.74472713470459
COc1cc(Nc2c(C#N)cnc3cc(OCCCN4CCN(C)CC4)c(OC)cc23)c(Cl)cc1Cl,P29317,Ephrin type-A receptor 2,1,7.744727494896693,5i9x,DB8,7.212162017822266e-06,5.355362415313721,7.74472713470459
CCCOc1ccc(C(=O)CN2CCN(C)CC2)cc1-c1nc(C(C)C)c(Br)c(=O)[nH]1,O76074,"cGMP-specific 3',5'-cyclic phosphodiesterase",1,7.744727494896693,4i9z,5BA,0.990234375,8.266716957092285,7.74472713470459
NC(=O)[C@H](Cc1ccccc1)NC(=O)[C@H](CC(c1ccccc1)c1ccccc1)CP(=O)(O)[C@@H](N)CCc1ccccc1,Q9UIQ6,Leucyl-cystinyl aminopeptidase,1,7.744727494896693,5mj6,7O2,0.99755859375,7.175136566162109,7.74472713470459
CNc1ncc2cc3cnccc3c([N+](=O)[O-])c2n1,P49759,Dual specificity protein kinase CLK1,1,7.744727494896693,6q8p,HQB,0.990234375,7.155599594116211,7.74472713470459
CCC(CC1COC(N)=N1)c1ccccc1,P07550,Beta-2 adrenergic receptor,1,7.744727494896693,8uhb,WV8,9.179115295410156e-06,5.152888774871826,7.74472713470459
O=C(O)Cc1nn(Cc2nc3cc(C(F)(F)F)ccc3s2)c(=O)c2ccccc12,P15121,Aldo-keto reductase family 1 member B1,1,7.721246399047171,2dv0,ZST,0.99267578125,8.019486427307129,7.721246242523193
COc1ccccc1Nc1cc[nH]c(=O)c1C(=O)Nc1ccc(N2CCN(C)CC2)cc1,P00533,Epidermal growth factor receptor,1,7.721246399047171,5em8,5Q4,5.4776668548583984e-05,5.244534492492676,7.721246242523193
CCCc1c(C)c2cc3c(C)c(C)oc3cc2oc1=O,P05091,"Aldehyde dehydrogenase, mitochondrial",1,7.721246399047171,5l13,6ZE,0.99951171875,6.98154354095459,7.721246242523193
Cc1cc(-c2ccc3nc(C4CCOCC4)n(CCOC(F)(F)F)c3c2)cn(C)c1=O,Q92793,CREB-binding protein,1,7.721246399047171,7wx2,7OW,0.99072265625,7.523603916168213,7.721246242523193
CCN1/C(=C/C(C)=O)Sc2ccc(OC)cc21,P49760,Dual specificity protein kinase CLK2,1,7.721246399047171,6fyi,EAE,0.86376953125,6.310894966125488,7.721246242523193
CN1CCN(C2CC(c3nc(-c4ccc5ccc(-c6ccccc6)nc5c4)c4c(N)nccn34)C2)CC1,P08069,Insulin-like growth factor 1 receptor,1,7.721246399047171,3d94,D94,0.9912109375,7.435510158538818,7.721246242523193
C[C@H]1CN(C(=O)CC[C@@]2(C3CC3)NC(=O)NC2=O)CCN1c1cc(F)cc(F)c1,Q9UNA0,A disintegrin and metalloproteinase with thrombospondin motifs 5,1,7.721246399047171,6yjm,OU5,0.99462890625,7.387200832366943,7.721246242523193
CC12CCC3C(CCC4=CC(=O)CCC43C)C1CCC2=O,P11511,Aromatase,1,7.698970004336019,4kq8,ASD,0.99462890625,6.332385540008545,7.698969841003418
CC(=O)N1CCc2c(c(Nc3ccc(-c4cnn(C)c4)cc3F)nn2[C@H]2CCOC2)C1,Q92793,CREB-binding protein,1,7.698970004336019,5ktx,6XH,0.9931640625,7.6095662117004395,7.698969841003418
CC(=O)N1CCc2c(c(Nc3cccc(C(=O)NC(C)C)c3)nn2CC2CC2)C1,Q92793,CREB-binding protein,1,7.698970004336019,5ktw,6XG,0.9921875,7.205685138702393,7.698969841003418
O=C(Nc1ccc(S(=O)(=O)Nc2nccs2)cc1)C(c1ccccc1)c1ccccc1,Q9NY46,Sodium channel protein type 3 subunit alpha,1,7.698970004336019,7w7f,8DE,0.99462890625,6.902863025665283,7.698969841003418
N#Cc1ccc2c(c1)OCC(c1c[nH]c(=O)c(=O)[nH]1)S2,P14920,D-amino-acid oxidase,1,7.698970004336019,7u9u,M89,0.9970703125,7.554862976074219,7.698969841003418
Cc1cc(=O)[nH]c(SCC(=O)c2ccc(S(N)(=O)=O)c(Cl)c2)n1,P00918,Carbonic anhydrase 2,1,7.698970004336019,4qsa,EWW,0.99365234375,7.533550262451172,7.698969841003418
CC(C)CNC(=O)c1ccc(Oc2nc(Oc3cccc(C(=N)N)c3)c(F)c(N(C(C)C)C(C)C)c2F)c(C(=O)O)c1,P13726,Tissue factor,1,7.698970004336019,2c4f,GIL,0.9990234375,6.689466953277588,7.698969841003418
COc1cc2c(cn1)N(C)C(=O)C(NC(=O)c1nc3n(n1)C(c1ccccc1)CC3)CC2,Q13546,Receptor-interacting serine/threonine-protein kinase 1,1,7.67778070526608,6nyh,L8D,0.98974609375,7.6330108642578125,7.677780628204346
Cc1ccc2nc(CSc3nnc(NC(=O)Nc4cccc(C(F)(F)F)c4)s3)cc(=O)n2c1,P04629,High affinity nerve growth factor receptor,1,7.67778070526608,6pl1,OOJ,0.9697265625,6.740795612335205,7.677780628204346
Cc1ccc(C(F)(F)F)cc1Nc1nc(C(=O)NS(=O)(=O)N2CCCOCC2)co1,Q96P20,"NACHT, LRR and PYD domains-containing protein 3",1,7.67778070526608,8wsm,XE3,0.998046875,7.141035556793213,7.677780628204346
COc1ccc(C2=NN(C3CCN(C(=O)CN4C(=O)CCC4=O)CC3)C(=O)[C@@H]3CC=CC[C@H]23)cc1OC,Q8WQX9,Class 1 phosphodiesterase PDEB1,1,7.67778070526608,6fv9,E8H,0.9990234375,5.997238636016846,7.677780628204346
COc1ccc(C2(C(=O)N3C[C@H](F)C[C@@H]3C(=O)Nc3ccc4[nH]ncc4n3)CCCCC2)cc1,Q09472,Histone acetyltransferase p300,1,7.67778070526608,8gzc,KQO,0.9970703125,8.005277633666992,7.677780628204346
Cc1ccc(C(=O)c2cc(O)c(O)c([N+](=O)[O-])c2)cc1,P02766,Transthyretin,1,7.67778070526608,4d7b,TCW,0.916015625,6.753139495849609,7.677780628204346
NCCCC(=O)O,P14867,Gamma-aminobutyric acid receptor subunit alpha-1,1,7.670195460780506,6x3z,ABU,0.0,4.703184604644775,7.67019510269165
Cc1cccc2scc(Cn3c(SCCCC(=O)O)nc4ccccc43)c12,P23946,Chymase,1,7.657577319177793,4kp0,KPK,0.99609375,7.495186805725098,7.657577037811279
Cc1cc(Nc2cc(F)c(C(F)(F)F)c(F)c2)n2nc(C(F)(F)F)nc2n1,Q08210,"Dihydroorotate dehydrogenase (quinone), mitochondrial",1,7.657577319177793,4orm,2V6,0.9990234375,7.427695274353027,7.657577037811279
COc1ccc(C[C@@H](C)NC[C@H](O)c2ccc(O)c(NC=O)c2)cc1,P07550,Beta-2 adrenergic receptor,1,7.638272163982407,7bz2,H98,0.994140625,8.688714027404785,7.638271808624268
CCOc1ccc(S(N)(=O)=O)cc1,P00918,Carbonic anhydrase 2,1,7.638272163982407,4ruz,3W8,0.12890625,3.046454906463623,7.638271808624268
Nc1ccc(S(N)(=O)=O)cc1,P00918,Carbonic anhydrase 2,1,7.638272163982407,6rl9,SAN,0.9970703125,5.962071895599365,7.638271808624268
O=C(CC1(S(=O)(=O)c2ccc(Oc3ccccc3)cc2)CCOCC1)NO,P03956,Interstitial collagenase,1,7.638272163982407,966c,RS2,0.9892578125,6.258500099182129,7.638271808624268
CC(O)(CC(=O)O)CC(=O)O,P04035,3-hydroxy-3-methylglutaryl-coenzyme A reductase,1,7.628932137728263,1dq8,MAH,0.9990234375,5.515209674835205,7.628931999206543
NS(=O)(=O)c1ccc(SCCc2ccccc2)cc1,P00918,Carbonic anhydrase 2,1,7.602059991327962,6got,F6W,0.9931640625,7.756626129150391,7.602059841156006
CN1CCN(C2CCN(C(=O)Nc3cc(Oc4ccc(NC(=O)C5(C(=O)Nc6ccc(F)cc6)CC5)c(F)c4)ccn3)CC2)CC1,P29317,Ephrin type-A receptor 2,1,7.602059991327962,5ia5,GV0,0.98779296875,7.541364669799805,7.602059841156006
COc1ccc(C2=NN(C3CCN(c4nc(N)nc5ccccc45)CC3)C(=O)[C@@H]3CC=CC[C@H]23)cc1OC,Q8WQX9,Class 1 phosphodiesterase PDEB1,1,7.602059991327962,6fdx,D5Z,0.98681640625,7.399278163909912,7.602059841156006
O=C(O)Cn1ccc(=O)n(Cc2ccc(Cl)c([N+](=O)[O-])c2)c1=O,P15121,Aldo-keto reductase family 1 member B1,1,7.602059991327962,4xzh,48I,0.990234375,7.3616251945495605,7.602059841156006
CCn1cnc2c(Nc3cccc(Cl)c3)nc(N[C@@H]3CCCC[C@@H]3N)nc21,P06493,Cyclin-dependent kinase 1,1,7.602059991327962,6gu4,FC8,0.9931640625,7.114749908447266,7.602059841156006
c1ccc(Cc2ccc(OCCN3CCCC3)cc2)cc1,P09960,Leukotriene A-4 hydrolase,1,7.585026652029182,3fh8,27P,0.998046875,7.253639221191406,7.585026264190674
NS(=O)(=O)c1c(F)c(F)c(F)c(F)c1F,P00918,Carbonic anhydrase 2,1,7.568636235841012,6sd7,L7T,0.9921875,7.678478240966797,7.568635940551758
O=C(O)c1ccc2c(c1)N(CC1CCC1)CC1(CCCc3cc(Cl)ccc31)CO2,Q07820,Induced myeloid leukemia cell differentiation protein Mcl-1,1,7.568636235841012,6udy,Q54,0.994140625,7.621643543243408,7.568635940551758
CN1CC2=C(C(=O)N1)[C@@H](c1ccc(C#N)cc1)NC(=O)N2c1cccc(C(F)(F)F)c1,P08246,Neutrophil elastase,1,7.552841968657781,5a8z,IUL,0.99462890625,7.625906467437744,7.552841663360596
C[C@]12CC[C@@H]3c4ccc(O)cc4CC[C@H]3[C@@H]1CCC2=O,P03372,Estrogen receptor,1,7.537602002101044,3hm1,J3Z,0.9814453125,7.763730049133301,7.537601947784424
Nc1nc(Nc2ccc(S(N)(=O)=O)cc2)nn1C(=S)Nc1c(F)cccc1F,P49761,Dual specificity protein kinase CLK3,1,7.537602002101044,2wu6,DKI,0.98828125,7.56267786026001,7.537601947784424
NS(=O)(=O)c1c(F)c(F)cc(F)c1F,P00918,Carbonic anhydrase 2,1,7.537602002101044,6rri,KFH,0.99072265625,7.577596664428711,7.537601947784424
NC(=O)c1ccc(F)cc1OCC(=O)O,P15121,Aldo-keto reductase family 1 member B1,1,7.527088579084188,4puu,2WR,0.85595703125,5.155730724334717,7.527088165283203
O=C(O)COc1cc(Cl)ccc1C(=O)NCc1ccc(Br)cc1F,P15121,Aldo-keto reductase family 1 member B1,1,7.522878745280337,2iki,388,0.9931640625,6.871426582336426,7.522878646850586
C[C@@H](c1cnn(C)c1)n1cc(C(F)(F)F)cc(-c2cccc([C@]3(c4nncn4C)C[C@@H](C)C3)c2)c1=O,Q13191,E3 ubiquitin-protein ligase CBL-B,1,7.522878745280337,8qtk,WX9,0.9970703125,7.2966203689575195,7.522878646850586
Cc1c(C(=O)Nc2cc(Cl)cc(Cl)c2)cccc1[N+](=O)[O-],Q08210,"Dihydroorotate dehydrogenase (quinone), mitochondrial",1,7.522878745280337,5del,D59,6.556510925292969e-07,5.00724983215332,7.522878646850586
NCCCN(CCc1ccccc1)CC(=O)N(CCc1ccc(S(N)(=O)=O)cc1)Cc1ccc(F)cc1,P00918,Carbonic anhydrase 2,1,7.522878745280337,6wq7,U6V,0.9912109375,7.338891506195068,7.522878646850586
COc1cc(C(C)C)c(Oc2cnc(N)nc2N)cc1S(N)(=O)=O,P56373,P2X purinoceptor 3,1,7.522878745280337,5yve,AF9,0.9814453125,7.1921868324279785,7.522878646850586
COCCCOc1cc(C(=O)N(CC2CNCC2OC(=O)NCc2ccccc2)C(C)C)ccc1OC,P00797,Renin,1,7.522878745280337,4rz1,3ZN,0.98681640625,6.822761535644531,7.522878646850586
Cn1ncc2cc(-c3ccc(C4=NC5(CC5)C(=O)N4CC4CCN(C(=O)C5CC5)C4)cc3)ccc21,P49327,Fatty acid synthase,1,7.522878745280337,5c37,4XN,0.9970703125,6.964493274688721,7.522878646850586
O=C(Nc1cccc(F)c1)c1coc2ccccc2c1=O,P27338,Amine oxidase [flavin-containing] B,1,7.508638306165727,6fwc,E98,0.98681640625,5.9666900634765625,7.50863790512085
CCC(C=O)NC(=O)c1cccc(C(F)(F)F)c1Cl,P25774,Cathepsin S,1,7.508638306165727,3ovx,O64,0.99267578125,7.484529972076416,7.50863790512085
CC(C)N[C@@H]1CCc2c(ccc(O)c2O)[C@H]1O,P07550,Beta-2 adrenergic receptor,1,7.494850021680094,7xk9,GJ6,0.99462890625,6.003987789154053,7.494849681854248
Cc1cc(=O)oc2cc(CS(N)(=O)=O)ccc12,P00918,Carbonic anhydrase 2,1,7.494850021680094,8c0q,SWU,0.9951171875,5.980898380279541,7.494849681854248
O=C1Nc2ccccc2C1=O,P27338,Amine oxidase [flavin-containing] B,1,7.481486060122112,2bk5,ISN,0.00490570068359375,4.60514497756958,7.481485843658447
NS(=O)(=O)c1ccc(C(=O)O)cc1,P00918,Carbonic anhydrase 2,1,7.481486060122112,5l3o,4SO,0.301025390625,4.694659233093262,7.481485843658447
CC1=CCC2(C)CCC(O)(C(C)C)C2C(OC(=O)c2ccc(O)cc2)C1,P03372,Estrogen receptor,1,7.481486060122112,4mg7,27H,0.9794921875,7.581149101257324,7.481485843658447
CC(=O)NC1C(O)OC(CO)C(O)C1O,Q9NZ08,Endoplasmic reticulum aminopeptidase 1,1,7.481486060122112,6m8p,NAG,0.0,4.4630584716796875,7.481485843658447
Cc1cn(C2CC(n3cc(CNc4ccc(S(N)(=O)=O)cc4)nn3)C(CO)O2)c(=O)[nH]c1=O,P00918,Carbonic anhydrase 2,1,7.481486060122112,6wka,U4V,1.1920928955078125e-07,5.193383693695068,7.481485843658447
Cc1cc(C)nc(SCC(=O)c2ccc(S(N)(=O)=O)cc2)n1,P00918,Carbonic anhydrase 2,1,7.481486060122112,3sbh,E65,0.99365234375,7.579017639160156,7.481485843658447
CC(C)c1ccc(N2CCc3cc(O)ccc3C2(C)c2ccc(C=CC(=O)O)cc2)cc1,P03372,Estrogen receptor,1,7.468521082957745,5t97,782,0.98388671875,7.913631439208984,7.468520641326904
CCN(C)C(=O)c1ccc2c(c1)NC(=O)/C2=C(\Nc1ccc(CN2CCCCC2)cc1)c1ccccc1,P36897,TGF-beta receptor type-1,1,7.468521082957745,2x7o,ZOP,0.990234375,7.163414478302002,7.468520641326904
Cc1ncc([N+](=O)[O-])n1CCOS(N)(=O)=O,P00918,Carbonic anhydrase 2,1,7.468521082957745,5o07,1VQ,0.99560546875,7.1854376792907715,7.468520641326904
COCc1cccc(-c2c(-c3ccc4nccnc4c3)n(C)n(C)c2=O)c1,P36897,TGF-beta receptor type-1,1,7.455931955649724,3kcf,JZO,0.994140625,5.604013919830322,7.455931663513184
O=C(O)c1ccc2c(c1)N(CC1CCC1)CC1(CCc3cc(Cl)ccc31)CO2,Q07820,Induced myeloid leukemia cell differentiation protein Mcl-1,1,7.455931955649724,6o6f,LOD,0.994140625,7.474584102630615,7.455931663513184
CCOc1ccc(C(C)=O)cc1NC(=O)c1cc(NC(C)=O)cc(NC(=O)c2ccco2)c1,Q92793,CREB-binding protein,1,7.455931955649724,5nlk,92E,0.9931640625,6.369328022003174,7.455931663513184
O=C(O)c1csc(Cl)c1,P14920,D-amino-acid oxidase,1,7.443697499232712,5zj9,9E6,0.99609375,7.067150592803955,7.443697452545166
CC(O)(COc1ccc(C#N)cc1)C(=O)Nc1ccc(C#N)c(C(F)(F)F)c1,P10275,Androgen receptor,1,7.443697499232712,3rlj,RLJ,0.9951171875,7.688424587249756,7.443697452545166
CC1(C)CCC(C)(C)c2cc(C(=O)Nc3ccc(C(=O)O)cc3)ccc21,P10276,Retinoic acid receptor alpha,1,7.443697499232712,3kmr,EQN,0.998046875,7.557704925537109,7.443697452545166
O=C(NCCO)C1=Cc2c(ncnc2Nc2ccc(Oc3cccc4sccc34)c(Cl)c2)NCC1,P00533,Epidermal growth factor receptor,1,7.443697499232712,3w33,W19,0.96826171875,7.650771617889404,7.443697452545166
O=C(Nc1ccc2ccccc2c1)C(c1csc2ccc(Cl)cc12)P(=O)(O)O,P23946,Chymase,1,7.443697499232712,2hvx,DRX,0.9970703125,7.171229362487793,7.443697452545166
COc1ccccc1COCCCOc1ccc(N2C(=O)CNCC2COC2=CC3C(=CC=CN3CCCO)C=C2)cc1,P00797,Renin,1,7.431798275933005,2fs4,PZ1,0.98779296875,7.705474853515625,7.431797981262207
Cc1cc(Nc2ccc(C(F)(F)F)cc2)n2nc(C(C)(F)F)nc2n1,Q08210,"Dihydroorotate dehydrogenase (quinone), mitochondrial",1,7.42021640338319,3sfk,D67,0.9990234375,7.368729591369629,7.420216083526611
NS(=O)(=O)c1ccc(OP(=O)(O)c2ccccc2)cc1,P00918,Carbonic anhydrase 2,1,7.42021640338319,6sds,L8N,0.8212890625,6.0171308517456055,7.420216083526611
Nc1nc(N)c2c(Sc3ccc(Cl)cc3)cccc2n1,P0ABQ4,Dihydrofolate reductase,1,7.42021640338319,3kfy,JZM,0.9970703125,5.953191757202148,7.420216083526611
O=C1c2ccccc2Nc2ccc(F)cc2N1Cc1ccccc1,P00533,Epidermal growth factor receptor,1,7.4089353929735005,6p1d,NQ1,0.935546875,6.1798200607299805,7.408935070037842
N#Cc1ccc(C2CCCc3cncn32)cc1,P15538,"Cytochrome P450 11B1, mitochondrial",1,7.397940008672037,6m7x,JD7,0.8486328125,7.620933532714844,7.397939682006836
C[C@H](c1cnn(C)c1)n1cc(C(F)(F)F)cc(-c2cccc([C@]3(c4nncn4C)C[C@@H](C)C3)c2)c1=O,Q13191,E3 ubiquitin-protein ligase CBL-B,1,7.397940008672037,8qtj,WUI,0.9970703125,7.2966203689575195,7.397939682006836
CCCC(CC(=O)O)n1c(=O)n(Cc2cc(Br)cc3c2CC(=O)N3)c2ccccc21,P23946,Chymase,1,7.397940008672037,4k69,1P9,0.99560546875,7.055428504943848,7.397939682006836
COc1cc2c(cc1OC)CN(CCc1ccc(NC(=O)c3cccc4c(=O)c5cccc(OC)c5[nH]c34)cc1)CC2,P08183,ATP-dependent translocase ABCB1,1,7.397940008672037,8y6h,R0Z,0.9853515625,6.335227012634277,7.397939682006836
Oc1ccc(C(c2ccc(O)cc2)(C(F)(F)F)C(F)(F)F)cc1,P03372,Estrogen receptor,1,7.397940008672037,3uua,0CZ,0.97802734375,7.712579250335693,7.397939682006836
OB(O)CCc1ccccc1,P00766,Chymotrypsinogen A,1,7.397940008672037,6cha,PBA,6.556510925292969e-07,4.241403102874756,7.397939682006836
Cn1c(=O)n(C2CCN(CCCn3cncc(-c4ccc(Cl)c(CNC(=O)c5ccc(F)cc5)c4)c3=O)CC2)c2cc(Cl)ccc21,P25774,Cathepsin S,1,7.397940008672037,5qby,N2A,0.994140625,6.594512939453125,7.397939682006836
CNC(=O)C[C@H]1COc2cc(F)ccc2N1C(=O)c1ccc2c(c1)NC(=O)CO2,P08235,Mineralocorticoid receptor,1,7.397940008672037,5mwp,ECV,0.9970703125,6.200777530670166,7.397939682006836
COc1ccc(CNc2nc(N(CCO)CCO)nc3c2[nH]c(=O)n3C(C)C)cc1,O76074,"cGMP-specific 3',5'-cyclic phosphodiesterase",1,7.397940008672037,8w4t,VZF,0.99462890625,6.5629987716674805,7.397939682006836
COc1ccc(CNc2nc3cc(C(F)(F)F)ccc3nc2C(=O)O)cc1,P9WJF1,Decaprenylphosphoryl-beta-D-ribose oxidase,1,7.387216143280264,4p8k,38C,5.960464477539063e-08,4.630720615386963,7.387216091156006
O=C(O)c1ccc2c(c1)nc(Nc1cccc(Cl)c1)c1ccncc12,P49761,Dual specificity protein kinase CLK3,1,7.387216143280264,6khf,3NG,0.9892578125,7.767282485961914,7.387216091156006
Nc1ncc2cc3cnccc3c(N)c2n1,P49759,Dual specificity protein kinase CLK1,1,7.387216143280264,5j1v,6FD,0.98876953125,7.137483596801758,7.387216091156006
NS(=O)(=O)c1ccc(NC(=O)CN2CCN(C(c3ccccc3)c3ccccc3)CC2)cc1,P00918,Carbonic anhydrase 2,1,7.366531544420413,6zr8,QOZ,0.480224609375,8.060691833496094,7.3665313720703125
COc1ccc(C2=NN(C3CCN(c4nc(N)nc5sccc45)CC3)C(=O)[C@@H]3CC=CC[C@H]23)cc1OC,Q8WQX9,Class 1 phosphodiesterase PDEB1,1,7.366531544420413,6fdw,D62,0.91259765625,7.2472453117370605,7.3665313720703125
Oc1ccc(C(c2ccc(O)cc2)C(Cl)(Cl)Cl)cc1,P03372,Estrogen receptor,1,7.366531544420413,4mgd,27N,0.9814453125,7.794279098510742,7.3665313720703125
CC(C)C1(C)CC(=O)N(Cc2cccc(N3CC(c4ccccc4)CC3=O)c2)C(=N)N1,P00797,Renin,1,7.356547323513812,4xx4,70Y,3.5762786865234375e-07,5.318419456481934,7.356546878814697
COc1ccc(C2=NN(C3CCN(C(=O)CN4C(=O)CC(C)(C)CC4=O)CC3)C(=O)[C@@H]3CC=CC[C@H]23)cc1OC,Q8WQX9,Class 1 phosphodiesterase PDEB1,1,7.356547323513812,6fds,D5T,0.99951171875,6.811572551727295,7.356546878814697
COC(=O)[C@@H]1CC2=CC(=O)CC[C@]2(C)[C@@]23O[C@@H]2C[C@@]2(C)[C@@H](CC[C@@]24CCC(=O)O4)[C@H]13,P08235,Mineralocorticoid receptor,1,7.356547323513812,5mwy,YNU,0.99609375,6.481753826141357,7.356546878814697
O=C(/C=C/c1ccc(O)c(O)c1)OCCc1ccccc1,P15121,Aldo-keto reductase family 1 member B1,1,7.337242168318426,4gq0,QAP,0.97998046875,6.095278263092041,7.337242126464844
CC(C)NC[C@H](O)c1ccc(O)c(O)c1,P07550,Beta-2 adrenergic receptor,1,7.337242168318426,7dhr,5FW,0.99462890625,7.059690952301025,7.337242126464844
c1ccc(C2(N3CCCCC3)CCCCC2)cc1,Q00960,"Glutamate receptor ionotropic, NMDA 2B",1,7.318758762624412,7sab,1PC,5.364418029785156e-07,5.034246444702148,7.318758487701416
O=C1Cc2cc(CCN3CCN(c4nsc5ccccc45)CC3)c(Cl)cc2N1,P23975,Sodium-dependent noradrenaline transporter,1,7.318758762624412,8wty,XEF,0.05389404296875,8.324972152709961,7.318758487701416
COCCN1CCCC12CCN(c1c(Cl)cncc1-c1ccc3c(c1)CS(=O)(=O)N3C)CC2,P49336,Cyclin-dependent kinase 8,1,7.309803919971486,5hbh,5Y7,0.99658203125,7.214210510253906,7.309803485870361
CNc1nc(Cl)nc2c(Cc3cccc(Cl)c3)[nH]nc12,Q96MU7,YTH domain-containing protein 1,1,7.309803919971486,8q4w,JNC,0.998046875,6.604325771331787,7.309803485870361
NS(=O)(=O)c1ccc(CCO)cc1,P00918,Carbonic anhydrase 2,1,7.301029995663981,6rg5,S2O,0.2462158203125,4.053849220275879,7.301029682159424
Cc1cc(=O)[nH]c(SCC(=O)c2ccc(S(N)(=O)=O)cc2)n1,P00918,Carbonic anhydrase 2,1,7.301029995663981,3s8x,E59,0.99462890625,7.4198808670043945,7.301029682159424
O=C(O)c1nc2ccc(C(F)(F)F)cc2nc1NCc1ccc(Cl)cc1,P9WJF1,Decaprenylphosphoryl-beta-D-ribose oxidase,1,7.301029995663981,4p8p,RG2,5.960464477539063e-08,4.947573661804199,7.301029682159424
Cc1ccc(NC(=O)NCCS(=O)(=O)Nc2ccc(S(N)(=O)=O)cc2)cc1,P00918,Carbonic anhydrase 2,1,7.292429823902063,7k6j,VYY,0.9921875,7.431958198547363,7.292429447174072
CC1(C)CCC(C)(C)c2cc(C(O)C(=O)Nc3ccc(C(=O)O)cc3F)ccc21,P13631,Retinoic acid receptor gamma,1,7.292429823902063,1exa,394,0.99853515625,6.223511695861816,7.292429447174072
COc1cc2c(Oc3ccc(NC(=O)C4(C(=O)Nc5ccc(F)cc5)CC4)cc3F)ccnc2cc1OCCCN1CCOCC1,P29317,Ephrin type-A receptor 2,1,7.2839966563652,5ia4,88Z,0.89208984375,7.839746475219727,7.28399658203125
N#CC1CCCN(C(=O)c2cnc(NC3(c4cncnc4)CC3)nc2)C1,O95497,Pantetheinase,1,7.2839966563652,7slx,9SS,0.998046875,7.343153953552246,7.28399658203125
O=C1c2cc(F)ccc2Nc2ccccc2N1Cc1ccccc1,P00533,Epidermal growth factor receptor,1,7.2839966563652,6p8q,O57,0.478515625,6.089239597320557,7.28399658203125
CCOC(=O)NC(=O)c1ccsc1NC(=O)c1nc2ccccc2s1,P9WJF1,Decaprenylphosphoryl-beta-D-ribose oxidase,1,7.275724130399211,4kw5,1W6,0.9990234375,6.786884784698486,7.275723934173584
CCc1oc2c(Cl)ccc(Cl)c2c1C(=O)c1cc(I)c(O)c(I)c1,P02766,Transthyretin,1,7.275724130399211,8wgt,WGJ,0.9287109375,5.243113994598389,7.275723934173584
COc1ccc(S(=O)(=O)N(CC(N)=O)c2ccc(N(CC(N)=O)S(=O)(=O)c3ccc(OC)cc3)c3ccccc23)cc1,Q14145,Kelch-like ECH-associated protein 1,1,7.275724130399211,4xmb,41P,0.9970703125,7.1911211013793945,7.275723934173584
CC(C)CC(NP(=O)(O)CNC(=O)OCc1ccccc1)C(=O)NC(Cc1ccccc1)C(=O)O,P00800,Thermolysin,1,7.267606240177031,4d9w,X32,0.9794921875,6.9890031814575195,7.267605781555176
NCCC(O)(P(=O)(O)O)P(=O)(O)O,P14324,Farnesyl pyrophosphate synthase,1,7.252588180258822,4kpj,210,0.998046875,6.240206718444824,7.252587795257568
CC(C)C1(C)CC(=O)N(Cc2cccc(C(=O)NCc3ccccc3)c2)C(=N)N1,P00797,Renin,1,7.251811972993799,4xx3,70X,1.8358230590820312e-05,4.642087459564209,7.251811981201172
Cn1c(=O)n(C2CCN(CCCn3nccc(-c4ccc(Cl)c(CNC(=O)c5ccc(F)cc5)c4)c3=O)CC2)c2cc(Cl)ccc21,P25774,Cathepsin S,1,7.251811972993799,5qbw,B8S,0.99365234375,6.562632083892822,7.251811981201172
NCCCN(CCc1ccccc1)CC(=O)N(CCc1ccc(S(N)(=O)=O)cc1)Cc1ccco1,P00918,Carbonic anhydrase 2,1,7.244125144327507,6wq5,U7G,0.321044921875,7.474584102630615,7.244124889373779
CN1CCN(CCCOc2ccc(-c3cccc(C#N)n3)cc2C(F)(F)F)CC1,P25774,Cathepsin S,1,7.236572006437063,3n3g,93N,0.99365234375,6.8163676261901855,7.236571788787842
CN(Cc1ccccc1)c1ccc2cc(C(=O)O)c(=O)oc2c1,P53985,Monocarboxylate transporter 1,1,7.229147988357855,7cko,G5L,0.99658203125,7.266071796417236,7.229147911071777
O=c1ccc2ncc(=O)n3c2n1C[C@H]3CN1CCC(NCc2cc3c(cn2)OCCC3)CC1,P0AES4,DNA gyrase subunit A,1,7.221848749616356,6rkw,JHN,0.0018310546875,4.848113059997559,7.221848487854004
O=c1ccc2ncc(=O)n3c2n1C[C@H]3CN1CCC(NCc2cc3c(cn2)OCCC3)CC1,P0AES6,DNA gyrase subunit B,1,7.221848749616356,6rkw,JHN,4.76837158203125e-07,4.455954074859619,7.221848487854004
Nc1nc2ccn(CCCCCc3ccc(C(=O)NC(CCC(=O)O)C(=O)O)s3)c2c(=O)[nH]1,P34897,"Serine hydroxymethyltransferase, mitochondrial",1,7.221848749616356,8gkt,Y7L,2.0325183868408203e-05,4.806907653808594,7.221848487854004
Cc1ccc(F)c([C@@H](C)[C@H](NS(=O)(=O)c2ccc(Cl)c3c2OCCN3C)c2n[nH]c(=O)o2)c1C,P23921,Ribonucleoside-diphosphate reductase large subunit,1,7.221848749616356,6lkm,EJ6,1.1920928955078125e-07,4.8694257736206055,7.221848487854004
Nc1nn(-c2cccc(-c3ccc4cc[nH]c4c3)c2)cc1-c1ccc2c(c1)CCNC2=O,P49137,MAP kinase-activated protein kinase 2,1,7.214670164989233,3kga,LX9,0.99609375,7.035891532897949,7.214670181274414
NCCCC(=O)Nc1ccc(OCc2ccccc2)cc1,P09960,Leukotriene A-4 hydrolase,1,7.214670164989233,3chr,4BS,0.99609375,6.239318370819092,7.214670181274414
Cc1ncc(CNC(=O)c2cnc(CNS(=O)(=O)c3ccc(F)c(Cl)c3)cn2)s1,Q00959,"Glutamate receptor ionotropic, NMDA 2A",1,7.214670164989233,5i58,67R,0.0,5.095343589782715,7.214670181274414
C[C@@H](c1ccc(F)cc1)N1C(=O)C(C)(C)c2cnc(Nc3cccnc3)nc21,Q7KZI7,Serine/threonine-protein kinase MARK2,1,7.214670164989233,5kz7,6Z2,0.0007066726684570312,5.083976745605469,7.214670181274414
Oc1c(Cl)cc(Cl)cc1Sc1cc(Cl)cc(Cl)c1O,P02766,Transthyretin,1,7.207608310501746,7erh,B1T,0.99365234375,5.621064186096191,7.207608222961426
CC(C)n1cc(C(=O)c2cncc(NC(=O)Cc3ccc(C#N)cc3)c2)c2cncnc21,P04629,High affinity nerve growth factor receptor,1,7.207608310501746,5jfw,6K2,0.978515625,6.873735427856445,7.207608222961426
COC(=O)c1ccc2c(c1)NC(=O)/C2=C(\Nc1ccc(N(C)C(=O)CN2CCN(C)CC2)cc1)c1ccccc1,Q2M2I8,AP2-associated protein kinase 1,1,7.200659450546418,5te0,XIN,0.8408203125,7.195028781890869,7.200659275054932
Oc1ccc2c(c1)CCN(c1ccccc1)C2c1ccc(N2CCN3CCCCC3C2)cc1,P03372,Estrogen receptor,1,7.200659450546418,1xqc,AEJ,0.98291015625,7.449008464813232,7.200659275054932
CC1(C)CCC(C)(C)c2cc(C(O)c3ccc4cc(C(=O)O)ccc4c3)ccc21,P13631,Retinoic acid receptor gamma,1,7.1938200260161125,1fcx,184,0.99853515625,6.778892517089844,7.193819999694824
NS(=O)(=O)c1cc(C(=O)O)c(NCc2ccco2)cc1Cl,P00918,Carbonic anhydrase 2,1,7.187086643357144,6sg0,FUN,0.99365234375,6.454491138458252,7.187086582183838
Nc1nc(Cl)nc2c1ncn2C1OC(COS(N)(=O)=O)C(O)C1O,P00918,Carbonic anhydrase 2,1,7.187086643357144,6c7x,EO7,0.7021484375,6.535236358642578,7.187086582183838
N#Cc1ccc(CNc2nc3cc(C(F)(F)F)ccc3nc2C(=O)O)cc1,P9WJF1,Decaprenylphosphoryl-beta-D-ribose oxidase,1,7.173925197299173,4p8t,R26,3.2782554626464844e-06,4.653454303741455,7.173924922943115
Cc1cc(C(=O)Nc2nc3cccc(C)c3n2[C@@H]2CCCCN(C(=O)/C=C/CN(C)C)C2)ccn1,P00533,Epidermal growth factor receptor,1,7.167491087293763,5feq,5XH,0.96728515625,7.8845038414001465,7.1674909591674805
CN(Cc1cn(C)c2ccccc12)C(=O)/C=C/c1cnc2c(c1)CCC(=O)N2,P0AEK4,Enoyl-[acyl-carrier-protein] reductase [NADH] FabI,1,7.154901959985743,1mfp,IDN,0.9990234375,6.860592365264893,7.154901504516602
O=C(O)C1NCCN(C(=O)c2ccc3c(ccc4ccccc43)c2)C1C(=O)O,Q00959,"Glutamate receptor ionotropic, NMDA 2A",1,7.154901959985743,4nf6,2JL,0.6904296875,5.714841365814209,7.154901504516602
Cc1ccccc1Oc1cc(-n2c(=O)cc(C(F)(F)F)[nH]c2=O)c2ccccc2c1C#N,P54687,"Branched-chain-amino-acid aminotransferase, cytosolic",1,7.154901959985743,7ny2,UUQ,0.99853515625,6.554739952087402,7.154901504516602
CCN(CC#CC#CC(C)(C)OC)Cc1cccc(OC[Si](C)(C)c2ccccc2C)c1,Q14534,Squalene monooxygenase,1,7.154901959985743,6c6n,EKV,0.99853515625,7.067861080169678,7.154901504516602
O=c1cc(-c2ccc(O)c(O)c2)oc2cc(O)cc(O)c12,P02766,Transthyretin,1,7.154901959985743,4dew,LU2,0.966796875,5.870426177978516,7.154901504516602
O=C(O)c1nc2ccc(C(F)(F)F)cc2nc1NCc1ccc(F)cc1,P9WJF1,Decaprenylphosphoryl-beta-D-ribose oxidase,1,7.142667503568731,4p8l,36C,5.960464477539063e-08,4.892159938812256,7.142667293548584
Cc1ccc(Oc2ccnc(Nc3ccc(S(N)(=O)=O)cc3)c2)c(C)n1,P36897,TGF-beta receptor type-1,1,7.142667503568731,2wou,ZZF,0.9912109375,7.4021196365356445,7.142667293548584
NS(=O)(=O)c1ccc(CCN(Cc2ccc3ccccc3c2)C(=O)CN(CCC(=O)O)CCc2ccccc2)cc1,P00918,Carbonic anhydrase 2,1,7.136677139879544,6wq9,U7J,0.94287109375,7.240140914916992,7.136676788330078
NS(=O)(=O)c1ccc(-c2ncc(CCl)[se]2)cc1,P00918,Carbonic anhydrase 2,1,7.136677139879544,6h3q,FMH,0.994140625,7.898712635040283,7.136676788330078
C=CC(=O)Nc1cccc(Nc2nc(Nc3ccc(N4CCN(C(C)=O)CC4)cc3OC)ncc2C(F)(F)F)c1,P00533,Epidermal growth factor receptor,1,7.130768280269024,5xdk,8JC,0.95361328125,7.743127822875977,7.130767822265625
CC1(CNC(=O)COc2ccc(Cl)cc2)NC(=O)NC1=O,O75173,A disintegrin and metalloproteinase with thrombospondin motifs 4,1,7.130768280269024,4wk7,3PQ,0.99658203125,6.92453145980835,7.130767822265625
NS(=O)(=O)Nc1ccc(S(N)(=O)=O)cc1,P00918,Carbonic anhydrase 2,1,7.130768280269024,3v5g,0F3,0.9951171875,6.127958297729492,7.130767822265625
CS(=O)(=O)CCNC(=O)C1=Cc2c(ncnc2Nc2ccc(Oc3cccc(C(F)(F)F)c3)c(Cl)c2)NCC1,P00533,Epidermal growth factor receptor,1,7.1249387366083,3w32,W32,0.970703125,7.435510158538818,7.124938488006592
O=C(Nc1ccc(N2CCOCC2)cc1N1CCOCC1)c1cccc(Oc2ccccc2)c1,P04629,High affinity nerve growth factor receptor,1,7.119186407719209,6pme,OOY,0.96826171875,7.382227897644043,7.1191864013671875
CCCCCCCCc1nc(-c2cc(S(=O)(=O)N3CCN(C)CC3)ccc2OCC)[nH]c(=O)c1Br,O76074,"cGMP-specific 3',5'-cyclic phosphodiesterase",1,7.113509274827518,4ia0,5BB,0.9921875,6.812283039093018,7.113509178161621
NS(=O)(=O)c1ccc2c(c1)S(=O)(=O)NC2=O,P00918,Carbonic anhydrase 2,1,7.113509274827518,4xe1,IL5,0.99560546875,5.765282154083252,7.113509178161621
CCc1oc2ccccc2c1C(=O)c1cc(I)c(O)c(I)c1,P02766,Transthyretin,1,7.107905397309519,8ii1,PJO,0.359130859375,5.292133808135986,7.107905387878418
O=C(O)CNC(=O)c1nc(Cl)c2ccccc2c1O,Q9GZT9,Egl nine homolog 1,1,7.096910013008056,6yw2,UN9,0.76220703125,6.065084934234619,7.096909999847412
COc1ccc(CNc2nc3cc(C(F)(F)F)ccc3nc2C(=O)O)cc1F,P9WJF1,Decaprenylphosphoryl-beta-D-ribose oxidase,1,7.096910013008056,4p8n,R57,1.1920928955078125e-07,4.875109672546387,7.096909999847412
COCCCOc1cc(C(=O)N(CC2CNCC2NS(=O)(=O)c2ccc(C)cc2)C(C)C)ccc1OC,P00797,Renin,1,7.096910013008056,4ryc,3ZK,0.98779296875,6.82009744644165,7.096909999847412
CCCOc1ccc(NC(=O)CN2CCN(C)CC2)cc1-c1nc(CC)c(CC)c(=O)[nH]1,O76074,"cGMP-specific 3',5'-cyclic phosphodiesterase",1,7.086186147616283,6iwi,B0C,0.98828125,8.59351634979248,7.086185932159424
Cn1nc(C(C)(C)C)cc1NC(=O)Nc1ccc(Oc2ccncc2)cc1,O15264,Mitogen-activated protein kinase 13,1,7.082389467841228,4eyj,N61,0.99951171875,6.772143363952637,7.0823893547058105
Cn1cnnc1[C@]1(c2cccc(-c3cc(C(F)(F)F)c[nH]c3=O)c2)C[C@H](C)C1,Q13191,E3 ubiquitin-protein ligase CBL-B,1,7.075720713938118,8qtg,WUQ,0.998046875,6.767880916595459,7.075720310211182
NS(=O)(=O)c1ccc(CNC(=O)COc2ccc3ccc(=O)oc3c2)cc1,P00918,Carbonic anhydrase 2,1,7.070581074285707,8sag,ZUS,0.98095703125,7.699791431427002,7.070580959320068
O=C(Nc1ccccc1C(=O)O)c1cc(S(=O)(=O)c2ccccc2)ccc1Cl,P53985,Monocarboxylate transporter 1,1,7.070581074285707,7ckr,G5O,0.9970703125,7.166966438293457,7.070580959320068
CC(CCc1ccccc1)Nc1c(F)c(Oc2cccc(C(=N)N)c2)nc(Oc2ccccc2C(=O)O)c1F,P13726,Tissue factor,1,7.0655015487564325,2aei,03R,0.6630859375,6.002566814422607,7.0655012130737305
CCOc1ccc(CNc2nc3cc(C(F)(F)F)ccc3nc2C(=O)O)cc1,P9WJF1,Decaprenylphosphoryl-beta-D-ribose oxidase,1,7.055517327849831,4p8m,R58,1.1920928955078125e-07,4.539785385131836,7.055517196655273
NS(=O)(=O)CCNC(=O)/C(Cc1ccc(O)c(Br)c1)=N/O,P00918,Carbonic anhydrase 2,1,7.055517327849831,5a6h,OE2,0.0018529891967773438,5.428536891937256,7.055517196655273
Cc1ccc(S(=O)(=O)NC2CNCC(C(=O)NCC3c4ccccc4Oc4ccccc43)C2)cc1,P00797,Renin,1,7.045757490560675,4gjc,0MJ,0.98974609375,6.683516979217529,7.045757293701172
Oc1ccc(O)cc1,P00918,Carbonic anhydrase 2,1,7.045757490560675,4e3h,HQE,0.00020182132720947266,3.985647201538086,7.045757293701172
CN1C(=O)[C@@H](N2CCc3c(nn(Cc4ccccc4)c3C(N)=O)C2=O)COc2cc(Cl)ccc21,P53667,LIM domain kinase 1,1,7.040958607678906,7atu,RXN,0.9951171875,6.2910027503967285,7.040958404541016
O=C(c1c(Cc2ccccc2)n(-c2ccccc2)c2ccccc12)N1CCNCC1,P00797,Renin,1,7.040958607678906,3oqf,S51,0.98779296875,7.014223575592041,7.040958404541016
O=C(N[C@H]1N=C(c2ccccc2)c2ccccc2NC1=O)c1ccccc1CN1CCOCC1,Q13191,E3 ubiquitin-protein ligase CBL-B,1,7.026872146400302,8qng,W89,0.998046875,6.3965020179748535,7.026871681213379
CC(C)(C)c1ccc(CN2CCN(S(=O)(=O)Nc3ccc(SCCc4ccccc4)cc3C(=O)O)CC2)cc1,Q07820,Induced myeloid leukemia cell differentiation protein Mcl-1,1,7.026872146400302,6u6f,PZY,0.9951171875,5.938272476196289,7.026871681213379
COc1ccc(S(=O)(=O)N(CC(N)=O)c2ccc(N(CC(N)=O)S(=O)(=O)c3ccc(N)cc3)c3ccccc23)cc1,Q14145,Kelch-like ECH-associated protein 1,1,7.022276394711152,7xm2,GFD,0.99755859375,7.065730094909668,7.022275924682617
Cc1cccc2scc(Cn3c(=O)n(CCCC(=O)O)c4ccccc43)c12,P23946,Chymase,1,7.013228265733755,3s0n,0BB,0.99609375,6.911388397216797,7.013227939605713
COc1ccc2c(c1)N(CCC/C=C/c1cccc3c1N[C@H](C)CC(=O)N3)CCC2,Q92793,CREB-binding protein,1,7.0,6yij,OSN,0.99365234375,6.904816627502441,7.0
COCCNC(=O)c1ccc(S(N)(=O)=O)cc1,P00918,Carbonic anhydrase 2,1,7.0,8emu,WMO,0.994140625,7.269979476928711,7.0
CNCc1cc(=O)oc2cc(OCc3cccc(Cl)c3)ccc12,P27338,Amine oxidase [flavin-containing] B,1,7.0,2v61,C18,0.98095703125,7.399278163909912,7.0
CN1CCCN[C@@H](Cc2ccc(S(C)(=O)=O)cc2)CC(=O)N[C@H]2CCc3ccccc3N(CC(=O)N[C@H](Cc3ccc(Cl)c(Cl)c3)CC1=O)C2=O,Q07820,Induced myeloid leukemia cell differentiation protein Mcl-1,1,7.0,5mev,7LW,0.99462890625,6.613783359527588,7.0
O=C(O)c1cc(=O)[nH]c(=O)[nH]1,Q08210,"Dihydroorotate dehydrogenase (quinone), mitochondrial",1,7.0,6vty,ORO,2.5033950805664062e-06,4.264137268066406,7.0
C[C@@H]1NC(C)(C)CO[C@@]1(O)c1cccc(Cl)c1,P23975,Sodium-dependent noradrenaline transporter,1,7.0,8xb2,YNT,0.9892578125,6.498538017272949,7.0
Cc1ccc(C)c(OCCCC(C)(C)C(=O)O)c1,P02766,Transthyretin,1,7.0,5boj,4TX,0.324462890625,4.849534034729004,7.0
O=S(=O)(c1cccc2cnccc12)N1CCCNCC1,Q13464,Rho-associated protein kinase 1,1,7.0,2esm,M77,0.9931640625,6.087818622589111,7.0
Cc1cc(=O)oc2cc(C(F)(F)S(N)(=O)=O)ccc12,P00918,Carbonic anhydrase 2,1,6.982966660701219,8c0r,SXL,0.99365234375,7.414907455444336,6.982966423034668
O=C(c1cc(C2CC2)on1)N(C1CCCCC1)C1CCCCC1,Q99500,Sphingosine 1-phosphate receptor 3,1,6.978810700930062,7ew4,JF9,5.066394805908203e-06,4.713130950927734,6.9788103103637695
N#Cc1ccc(CNC(=O)c2ccc(Cl)cc2OCC(=O)O)cc1[N+](=O)[O-],P15121,Aldo-keto reductase family 1 member B1,1,6.97061622231479,3t42,3T4,0.99462890625,7.747390270233154,6.970615863800049
Cc1ccccc1CC(=O)Nc1cc(C)c(S(=O)(=O)NCC(=O)O)c(C)c1,P15121,Aldo-keto reductase family 1 member B1,1,6.96657624451305,1el3,I84,0.9970703125,7.199291229248047,6.966576099395752
C/N=C(\O)c1ccccc1Oc1nc(Nc2cc(OC)c(OC)c(OC)c2)ncc1Br,P54646,5'-AMP-activated protein kinase catalytic subunit alpha-2,1,6.96657624451305,6bx6,EDJ,0.01525115966796875,5.590515613555908,6.966576099395752
c1cc(-c2cnn3cc(-c4ccc(OCCN5CCCCC5)cc4)cnc23)ccn1,P54646,5'-AMP-activated protein kinase catalytic subunit alpha-2,1,6.962573502059376,3aqv,TAK,3.159046173095703e-06,5.9105658531188965,6.962573051452637
Cn1c(=O)n(C2CCN(CCCn3ccnc(-c4ccc(Cl)c(CNC(=O)c5ccc(F)cc5)c4)c3=O)CC2)c2cc(Cl)ccc21,P25774,Cathepsin S,1,6.958607314841775,5qbz,B8Y,0.994140625,6.354586124420166,6.958607196807861
COc1ccc(S(=O)(=O)Nc2ccc(N(CC(=O)O)S(=O)(=O)c3ccc(OC)cc3)c3ccccc23)cc1,Q14145,Kelch-like ECH-associated protein 1,1,6.958607314841775,6uf0,Q5Y,0.9970703125,7.089174270629883,6.958607196807861
CCCc1nn(C)c2c(=O)[nH]c(-c3cc(S(N)(=O)=O)sc3OCC)nc12,O76074,"cGMP-specific 3',5'-cyclic phosphodiesterase",1,6.958607314841775,3bjc,WAN,0.99365234375,7.061822414398193,6.958607196807861
Cc1[nH]c(C(=O)Nc2nc3ccc(NC(=O)CCN)cc3s2)c(Cl)c1Cl,P0AES6,DNA gyrase subunit B,1,6.958607314841775,6yd9,ON2,0.9716796875,6.819742202758789,6.958607196807861
CC#CCOC1CC2C(CCC3(C)C(=O)CCC23)C2(C)C=CC(=O)C=C12,P11511,Aromatase,1,6.949620231936569,4gl5,G29,0.990234375,6.684582710266113,6.949620246887207
CC1(C)CC=C(C#Cc2ccccc2)c2cc(/C=C/c3ccc(C(=O)O)cc3)ccc21,P10276,Retinoic acid receptor alpha,1,6.943095148663527,3kmz,EQO,0.9990234375,7.18508243560791,6.943094730377197
N[C@H](C(=O)O)[C@H](OCc1cccc(NC(=O)c2ccc(C(F)(F)F)cc2)c1)C(=O)O,P43005,Excitatory amino acid transporter 3,1,6.931814138253838,6s3q,7O9,0.99853515625,6.686802387237549,6.931813716888428
O=C(O)c1nc2ccc(C(F)(F)F)cc2nc1NCc1ccc(C(F)(F)F)cc1,P9WJF1,Decaprenylphosphoryl-beta-D-ribose oxidase,1,6.920818753952375,4p8c,Y22,6.020069122314453e-06,5.004408359527588,6.920818328857422
CCc1oc2cccc(I)c2c1C(=O)c1cc(I)c(O)c(I)c1,P02766,Transthyretin,1,6.920818753952375,8wgs,WGH,0.73828125,5.164255619049072,6.920818328857422
CC(C)Cn1c(=O)n(C)c(=O)c2c(-c3cncn3C)n(Cc3cccc4ccccc34)nc21,Q9ZLT0,Glutamate racemase,1,6.920818753952375,4b1f,KRH,0.99853515625,6.413463592529297,6.920818328857422
NCCCNc1nc(Nc2cccc(NC(=O)N3CCCC3)c2)ncc1I,O75385,Serine/threonine-protein kinase ULK1,1,6.920818753952375,5ci7,51W,0.998046875,6.749231815338135,6.920818328857422
Cc1ccc([C@@H](NC(=O)[C@@H](F)c2ccc3c(c2)CCCC3)[C@@H](C)C(=O)O)cc1,Q14145,Kelch-like ECH-associated protein 1,1,6.886056647693163,8ixs,T6I,0.99658203125,7.633721351623535,6.886056423187256
CCCOc1ccc(S(=O)(=O)N2CCN(C)CC2)cc1-c1nc(CC)c(CC)c(=O)[nH]1,O76074,"cGMP-specific 3',5'-cyclic phosphodiesterase",1,6.882728704344236,4g2w,NI0,0.98974609375,8.25819206237793,6.882728576660156
NS(=O)(=O)c1cccc2ccccc12,P00918,Carbonic anhydrase 2,1,6.876148359032914,6t4p,MHK,0.304931640625,4.660558700561523,6.876148223876953
NCC(=O)Nc1ccc(OCc2ccccc2)cc1,P09960,Leukotriene A-4 hydrolase,1,6.8696662315049934,3cho,4BG,0.99560546875,6.391883850097656,6.86966609954834
COc1cc2c(Nc3ccc(Sc4nccn4C)c(Cl)c3)c(C#N)cnc2cc1OCCCN(C)CCO,P08069,Insulin-like growth factor 1 receptor,1,6.853871964321762,3f5p,741,0.9892578125,7.496607303619385,6.853871822357178
O=C(O)CN1C(=O)c2c(c(C(=O)O)cc3ccccc23)S1(=O)=O,P15121,Aldo-keto reductase family 1 member B1,1,6.853871964321762,2nvd,ITB,0.9921875,6.093502044677734,6.853871822357178
CCc1cnc(SCC(=O)c2ccc(Cl)c(S(N)(=O)=O)c2)nc1,P00918,Carbonic anhydrase 2,1,6.853871964321762,3sax,E50,0.994140625,7.07816219329834,6.853871822357178
CN(C)CCc1c[nH]c2cccc(O)c12,P28335,5-hydroxytryptamine receptor 2C,1,6.853871964321762,8dpg,91Q,0.9833984375,7.9001336097717285,6.853871822357178
COC(=O)C(Cc1ccccc1)NC(=O)c1cc(C)c(S(=O)(=O)Nc2cc(C(F)(F)F)ccc2Cl)s1,Q07820,Induced myeloid leukemia cell differentiation protein Mcl-1,1,6.838631997765026,6p3p,NQJ,0.99462890625,6.441081523895264,6.838631629943848
CCCOc1ccc(S(=O)(=O)N2CCN(C)CC2)cc1-c1nc(CC)c(I)c(=O)[nH]1,O76074,"cGMP-specific 3',5'-cyclic phosphodiesterase",1,6.823908740944319,4oew,5IO,0.98876953125,7.253994464874268,6.82390832901001
Cc1cc(C)nc(SCC(=O)c2ccc(Cl)c(S(N)(=O)=O)c2)n1,P00918,Carbonic anhydrase 2,1,6.823908740944319,3s9t,E49,0.9951171875,6.866098403930664,6.82390832901001
O=S(=O)(c1cccc2c(O)nccc12)N1CCCNCC1,Q13464,Rho-associated protein kinase 1,1,6.823908740944319,2etk,HFS,0.99462890625,6.267913341522217,6.82390832901001
COc1ccc(C2(C(=O)N3CS(=O)(=O)C[C@@H]3C(=O)Nc3cccc4[nH]ncc34)CCCC2)cc1,Q09472,Histone acetyltransferase p300,1,6.823908740944319,7vi0,6YI,0.998046875,6.628946781158447,6.82390832901001
CC1(c2cc(CNC3(C(F)(F)F)CC3)c(F)cc2F)CCSC(N)=N1,P10635,Cytochrome P450 2D6,1,6.804100347590767,5tft,P6U,0.99169921875,6.614071846008301,6.804100036621094
COc1ccc(C2=NN(C(C)C)C(=O)C3CC=CCC23)cc1C#CC(=O)NCc1ccccc1,Q8WQX9,Class 1 phosphodiesterase PDEB1,1,6.801342913045577,6gxq,FFZ,0.99853515625,6.397922992706299,6.801342487335205
CN(C)CCOc1ccc(Oc2ccccc2)cc1,P09960,Leukotriene A-4 hydrolase,1,6.795880017344075,5aen,DP8,0.9970703125,6.98651647567749,6.79587984085083
CC(=O)N1CCC(Nc2nc(Nc3ccc(N4CCN(C)CC4)cc3)c3ncn(C(C)C)c3n2)C1,P00533,Epidermal growth factor receptor,1,6.79317412396815,5uga,8BM,0.916015625,6.547047138214111,6.793173789978027
COc1cc(C#N)c(Oc2ccccc2C)cc1-n1c(=O)cc(C(F)(F)F)[nH]c1=O,P54687,"Branched-chain-amino-acid aminotransferase, cytosolic",1,6.790484985457369,7nwm,UTN,0.998046875,6.6963934898376465,6.79048490524292
O=C(Nc1ccccc1Cl)c1cnc2ccc(C3CCNCC3)cn12,P29317,Ephrin type-A receptor 2,1,6.782516055786093,8bk0,QJI,5.960464477539063e-08,4.862321853637695,6.782516002655029
O=C(NNC(=O)c1ccc(CNS(=O)(=O)c2ccc(F)c(Cl)c2)cc1)c1ccccc1,Q00959,"Glutamate receptor ionotropic, NMDA 2A",1,6.769551078621726,5i56,67P,7.152557373046875e-07,4.687555313110352,6.769550800323486
COCCCOc1cc(C(=O)N(CC2CNCC2Cc2ccccc2)C(C)C)ccc1OC,P00797,Renin,1,6.769551078621726,4gj7,0LT,0.98828125,6.091726303100586,6.769550800323486
COc1ccc(C2(C(=O)N3CCC[C@@H]3C(=O)Nc3cccc4[nH]ncc34)CCCC2)cc1,Q09472,Histone acetyltransferase p300,1,6.75448733218585,7vhz,6TI,0.998046875,6.6963934898376465,6.754487037658691
CC(C)C(=O)Nc1ncc(C(=O)NCCN(Cc2ccccc2)C(=O)c2ccc(S(=O)(=O)Nc3ccccc3)cc2)s1,P53667,LIM domain kinase 1,1,6.752026733638194,7b8w,T3B,0.9970703125,7.597488880157471,6.752026557922363
COc1ccc(Cl)cc1NC(=O)Nc1ccc2nc(NC(=O)c3ccccc3)sc2c1,P04629,High affinity nerve growth factor receptor,1,6.7495799976911055,6pmc,OQJ,0.96533203125,6.993265628814697,6.749579906463623
O=C(O)[C@H]1CCCC[C@H]1C(=O)N1CCc2c(OCCO)cccc2[C@H]1CN1C(=O)c2ccccc2C1=O,Q14145,Kelch-like ECH-associated protein 1,1,6.73754891026957,6sp1,LQ8,0.998046875,5.812880992889404,6.737548828125
O=C(c1cc(O)c(O)c([N+](=O)[O-])c1)c1ccccc1F,P02766,Transthyretin,1,6.735182176990463,3p3r,3M1,0.98779296875,6.396590709686279,6.73518180847168
COc1cc(C(=O)Nc2ccc(F)c(C3(CF)CCC(C)(S(C)(=O)=O)C(N)=N3)c2)ncn1,Q9Y5Z0,Beta-secretase 2,1,6.723538195826755,7n4n,0BK,0.994140625,7.099475383758545,6.723537921905518
Nc1ncc2cc3cnccc3cc2n1,P49759,Dual specificity protein kinase CLK1,1,6.721246399047171,5j1w,6FB,0.98876953125,6.868052005767822,6.721246242523193
Cn1cc(C(F)(F)F)c2cc(-c3cccc([C@]4(c5nncn5C)C[C@@H](C)C4)c3)c(=O)[nH]c21,Q13191,E3 ubiquitin-protein ligase CBL-B,1,6.721246399047171,8qth,WX0,0.9970703125,6.837858200073242,6.721246242523193
O=C(O)COc1cc(Cl)ccc1C(=O)NCc1ccc(I)cc1F,P15121,Aldo-keto reductase family 1 member B1,1,6.721246399047171,4lb3,M15,0.9931640625,6.883859157562256,6.721246242523193
CNC(=O)C[C@H](NC(=O)[C@@H]1C[C@@H](O)CN1C(=O)[C@@H](NC(=O)C1(F)CC1)C(C)(C)C)c1ccc(-c2scnc2C)cc1,P40337,von Hippel-Lindau disease tumor suppressor,1,6.721246399047171,8bdi,QF7,0.998046875,7.011026382446289,6.721246242523193
Nc1c(N2CCN(C3CCCCC3)CC2)cc(Nc2ccc(C(=O)O)cc2)c2c1C(=O)c1ccccc1C2=O,P04629,High affinity nerve growth factor receptor,1,6.701146923590294,6iqn,AQ6,0.014556884765625,6.383358955383301,6.701146602630615
CCc1oc2ccccc2c1C(=O)c1cc(Br)c(O)c(Br)c1,P02766,Transthyretin,1,6.698970004336019,8ii2,R75,0.0150146484375,5.199777603149414,6.698969841003418
CS(=O)(=O)NC(=O)c1[nH]c2cc(Cl)ccc2c1CCCOc1cccc2ccccc12,Q07820,Induced myeloid leukemia cell differentiation protein Mcl-1,1,6.698970004336019,5fc4,5WL,0.99560546875,5.9521260261535645,6.698969841003418
CC(N)C1CCC(C(=O)Nc2ccncc2)CC1,Q13464,Rho-associated protein kinase 1,1,6.698970004336019,2etr,Y27,0.681640625,5.976991176605225,6.698969841003418
CC(C)(C)OC(=O)NC1CNCC(C(=O)N(Cc2cccc(Cl)c2Cl)C2CC2)C1,P00797,Renin,1,6.698970004336019,4pyv,2XF,0.98828125,6.8138813972473145,6.698969841003418
COc1ccc(C2=NN(C(C)C)C(=O)[C@@H]3CC=CC[C@H]23)cc1-c1ccc(C(=O)N2CC[C@@H](O)C2)cc1,Q8WQX9,Class 1 phosphodiesterase PDEB1,1,6.698970004336019,5g5v,8Z4,0.99072265625,5.645218849182129,6.698969841003418
Nc1c(S(=O)(=O)O)cc(Nc2ccc(Nc3nc(Cl)nc(Nc4ccccc4S(=O)(=O)O)n3)c(S(=O)(=O)O)c2)c2c1C(=O)c1ccccc1C2=O,O60760,Hematopoietic prostaglandin D synthase,1,6.698970004336019,3vi7,CBD,0.99462890625,6.188344955444336,6.698969841003418
COc1cccc(NC(=O)C#Cc2cc(C3=NN(C(C)C)C(=O)[C@@H]4CC=CC[C@H]34)ccc2OC)c1,Q8WQX9,Class 1 phosphodiesterase PDEB1,1,6.698970004336019,6rfn,K3W,0.99853515625,6.582868576049805,6.698969841003418
O=C(O)Cn1c(C(=O)O)cc2ccc3ccccc3c21,P14324,Farnesyl pyrophosphate synthase,1,6.698970004336019,3n6k,BFH,0.6376953125,5.483240127563477,6.698969841003418
CCN1CCN(CCC(=O)Nc2ccc(S(=O)(=O)N(CC(N)=O)c3ccc(N(CC(N)=O)S(=O)(=O)c4ccc(OC)cc4)c4ccccc34)cc2)CC1,Q14145,Kelch-like ECH-associated protein 1,1,6.6777807052660805,7xm3,GED,0.9970703125,7.119367599487305,6.677780628204346
COc1cc(-c2ccc3c(c2)nc(CCc2ccccc2)n3CCN2CCOCC2)cccc1=O,Q92793,CREB-binding protein,1,6.6777807052660805,4whu,3OT,0.9912109375,6.57137393951416,6.677780628204346
CCCCCCCCNC(=O)C(Cc1ccc(OCc2ccc3ccccc3n2)cc1)NC(=O)C1CCC(CN)CC1,P00747,Plasminogen,1,6.657577319177793,5ugg,89M,0.9970703125,6.254415512084961,6.657577037811279
O=C(O)c1cc(SCCc2ccccc2)ccc1NS(=O)(=O)c1ccc2ccccc2c1,Q07820,Induced myeloid leukemia cell differentiation protein Mcl-1,1,6.657577319177793,6u63,Q0D,0.99658203125,5.4875030517578125,6.657577037811279
OCC(Nc1ncnc2oc(-c3ccccc3)c(-c3ccccc3)c12)c1ccccc1,P00533,Epidermal growth factor receptor,1,6.651695136951839,4jq7,KJQ,0.9736328125,6.92204475402832,6.6516947746276855
O=C(c1ccc(NS(=O)(=O)c2cccc3cccnc23)cc1)N1CCN(c2cnccn2)CC1,P14618,Pyruvate kinase PKM,1,6.642065152999546,4g1n,NZT,1.2516975402832031e-06,5.478267192840576,6.642065048217773
CCc1c(C(=O)NCc2c(O)ccc3cccc(O)c23)[nH]c(C)c1C(C)=O,Q92793,CREB-binding protein,1,6.638272163982407,5nu3,99E,0.990234375,6.409555912017822,6.638271808624268
O=C(NNS(=O)(=O)c1ccccc1C(F)(F)F)c1cc2cc(Cl)ccc2o1,P54687,"Branched-chain-amino-acid aminotransferase, cytosolic",1,6.638272163982407,2abj,CBC,0.99853515625,6.612384796142578,6.638271808624268
COc1ccc(CNc2nc(N(CCO)CCO)nc3c2ncn3C(C)C)cc1,O76074,"cGMP-specific 3',5'-cyclic phosphodiesterase",1,6.638272163982407,8w4s,AJR,0.99365234375,6.331141948699951,6.638271808624268
CCc1c(C(=O)NCc2c(O)ccc3cccc(O)c23)[nH]c(C)c1C(C)=O,Q09472,Histone acetyltransferase p300,1,6.638272163982407,5nu5,99E,0.9990234375,6.224576950073242,6.638271808624268
O=C(O)C(=O)Nc1ccc2nc(NC(=O)c3cc(Br)c(Br)[nH]3)sc2c1,P0AES6,DNA gyrase subunit B,1,6.638272163982407,5l3j,6G9,0.99853515625,6.895226001739502,6.638271808624268
c1cc(-c2cnn3cc(-c4ccc(OCCN5CCCCC5)cc4)cnc23)ccn1,Q13131,5'-AMP-activated protein kinase catalytic subunit alpha-1,1,6.629671980921584,7m74,TAK,3.4809112548828125e-05,5.8995537757873535,6.629671573638916
Clc1ccc(Oc2ccc(Nc3ncnc4[nH]ccc34)cc2)cc1,Q5TCY1,Tau-tubulin kinase 1,1,6.619788758288394,7qhw,CGI,1.0,5.910210609436035,6.619788646697998
CCCCCCCCNC(=O)C(Cc1ccc(OCc2ccncc2)cc1)NC(=O)C1CCC(CN)CC1,P00747,Plasminogen,1,6.619788758288394,5ugd,89S,0.99658203125,6.148205757141113,6.619788646697998
COc1cc2ncnc(Nc3cccc(O)c3)c2cc1OC,Q5TCY1,Tau-tubulin kinase 1,1,6.619788758288394,4btk,DTQ,1.0,5.9908447265625,6.619788646697998
O=C(CC(=O)C(=O)O)NCCCc1cccc(Oc2ccccc2)c1,A9JQL9,"4,4'-diapophytoene synthase",1,6.6020599913279625,4f6v,ZYM,0.00019872188568115234,4.687555313110352,6.602059841156006
O=c1cc(-c2ccc(O)cc2)oc2cc(O)cc(O)c12,P02766,Transthyretin,1,6.6020599913279625,4wo0,AGI,0.487548828125,5.414328098297119,6.602059841156006
COc1ccc(S(=O)(=O)Nc2ccc(NS(=O)(=O)c3ccc(OC)cc3)c3ccccc23)cc1,Q14145,Kelch-like ECH-associated protein 1,1,6.6020599913279625,4iqk,IQK,0.99853515625,5.8533759117126465,6.602059841156006
CNC(=O)c1cc(Oc2ccc(NC(=O)Nc3ccc(Cl)c(C(F)(F)F)c3)cc2)ccn1,P49336,Cyclin-dependent kinase 8,1,6.6020599913279625,3rgf,BAX,0.9775390625,6.550821304321289,6.602059841156006
CCCc1cc(=O)n2nc(NCc3c(F)cc(Cl)cc3F)c(C#N)c2[nH]1,P54687,"Branched-chain-amino-acid aminotransferase, cytosolic",1,6.600326278518962,7nwa,UTT,0.99853515625,6.977991580963135,6.600326061248779
O=P(O)(O)CCCP(=O)(O)O,P04818,Thymidylate synthase,1,6.585026652029182,2onb,7PA,0.00012731552124023438,4.458795547485352,6.585026264190674
CC(C)(CO)c1cc2cc(NC(=O)C3(c4ccc5c(c4)OC(F)(F)O5)CC3)c(F)cc2n1CC(O)CO,P13569,Cystic fibrosis transmembrane conductance regulator,1,6.565431095965801,7sv7,CV6,1.2040138244628906e-05,4.424695014953613,6.565430641174316
C=C1[C@@H](C)[C@H]2[C@H](Cc3ccccc3)NC(=O)[C@]23OC(=O)/C=C/[C@H](O)CCC[C@@H](C)C/C=C/[C@H]3[C@@H]1O,P14672,"Solute carrier family 2, facilitated glucose transporter member 4",1,6.552841968657781,7wsm,5RH,0.99951171875,5.687844753265381,6.552841663360596
Cc1cc(Nc2ccc(C(F)(F)F)cc2)n2ncnc2n1,Q08210,"Dihydroorotate dehydrogenase (quinone), mitochondrial",1,6.552841968657781,3i6r,J5Z,0.99951171875,6.397034645080566,6.552841663360596
O=c1cc(C2CCNC(Cc3ccccc3)C2)o[nH]1,P00747,Plasminogen,1,6.552841968657781,4cik,XO3,0.393798828125,5.089660167694092,6.552841663360596
NC(CCCP(=O)(O)O)C(=O)O,Q00959,"Glutamate receptor ionotropic, NMDA 2A",1,6.552841968657781,4nf5,2JJ,0.99853515625,6.467811584472656,6.552841663360596
Cc1ccccc1Oc1cc(-n2c(=O)cc(C(F)(F)F)[nH]c2=O)c(C)cc1C#N,P54687,"Branched-chain-amino-acid aminotransferase, cytosolic",1,6.542118103266008,7nwe,UTE,0.99853515625,6.453425407409668,6.542118072509766
Nc1c2ccncc2cc2cnc(NCCCN3CCOCC3)nc12,P49759,Dual specificity protein kinase CLK1,1,6.537602002101044,6q8k,FG9,0.98388671875,7.05116605758667,6.537601947784424
O=C(O)c1ccc(-c2ccccc2C(F)(F)F)o1,P0AE18,Methionine aminopeptidase,1,6.537602002101044,2evc,FC3,4.57763671875e-05,4.552573204040527,6.537601947784424
CC1=C(CC(=O)O)c2cc(F)ccc2/C1=C\c1ccc(S(C)=O)cc1,P15121,Aldo-keto reductase family 1 member B1,1,6.53313237964589,3u2c,SUZ,0.97705078125,6.826669216156006,6.533132076263428
CCc1ccc(CCOc2ccc(CC3SC(=O)NC3=O)cc2)nc1,P27338,Amine oxidase [flavin-containing] B,1,6.525783735923745,4a79,P1B,0.98876953125,6.774274826049805,6.525783538818359
CN(C)c1ccc(C(=O)NCCCCCCC(=O)NO)cc1,P09960,Leukotriene A-4 hydrolase,1,6.522878745280337,4rsy,B3N,0.98779296875,6.383181095123291,6.522878646850586
O=C(NS(=O)(=O)Cc1ccccc1)c1ccc2c(c1)N(CC1CCC1)CC(c1ccc(Cl)cc1Cl)O2,Q07820,Induced myeloid leukemia cell differentiation protein Mcl-1,1,6.522878745280337,6ovc,N8J,0.99365234375,6.308408260345459,6.522878646850586
O=C(O)COc1cc(Cl)ccc1C(=O)NCc1c(F)c(F)c(Br)c(F)c1F,P15121,Aldo-keto reductase family 1 member B1,1,6.522878745280337,4lb4,1WX,0.6748046875,5.547889709472656,6.522878646850586
O=C(O)c1ccc2c(c1)N(CC1CCC1)CC(c1ccc(Cl)cc1Cl)CO2,Q07820,Induced myeloid leukemia cell differentiation protein Mcl-1,1,6.522878745280337,6o6g,LOJ,0.9931640625,6.302546977996826,6.522878646850586
FC(F)(F)c1nccc(N[C@H]2CC[C@@H](Nc3ccc4nnc(Cl)n4n3)CC2)n1,Q9UDY8,Mucosa-associated lymphoid tissue lymphoma translocation protein 1,1,6.522878745280337,7paw,6IT,0.9970703125,5.86403226852417,6.522878646850586
CCCCCCCCNC1C=C(CO)C(O)C(O)C1O,P16278,Beta-galactosidase,1,6.522878745280337,3wez,N8V,0.99951171875,6.39312744140625,6.522878646850586
O=C(/C=C/c1ccc(Cl)cc1Cl)NO,P0DPI0,Botulinum neurotoxin type A,1,6.522878745280337,2ima,GB4,0.67626953125,5.670794486999512,6.522878646850586
Nc1ccc(N2CCOCC2)c2nonc12,Q99538,Legumain,1,6.521433504406157,5lub,3Y7,0.01512908935546875,5.415038585662842,6.521433353424072
NS(=O)(=O)c1ccccc1,P00918,Carbonic anhydrase 2,1,6.515700160653214,6gdc,FB2,0.261474609375,3.8279311656951904,6.515699863433838
O=C(O)c1c(CCCOc2cccc3ccccc23)c2cccc3c2n1CCC3,Q07820,Induced myeloid leukemia cell differentiation protein Mcl-1,1,6.508638306165727,4zbi,4M6,0.99365234375,6.938384532928467,6.50863790512085
COc1ccc(C2=NN(C(C)C)C(=O)[C@@H]3CC=CC[C@H]23)cc1C#CC(=O)NCCc1ccccc1F,Q8WQX9,Class 1 phosphodiesterase PDEB1,1,6.500312917381596,6rfw,K1Q,0.9990234375,7.0966339111328125,6.500312805175781
CC(=O)NC1=NN(c2ccc(Cl)c(Cl)c2)CC1,P00519,Tyrosine-protein kinase ABL1,1,6.500312917381596,6npu,KWV,0.98681640625,6.407336235046387,6.500312805175781
Cc1ccc(S(N)(=O)=O)cc1,P00918,Carbonic anhydrase 2,1,6.494850021680094,7oyp,4J8,0.325927734375,4.473004341125488,6.494849681854248
Cc1cc(OCCCc2c(C(=O)O)sc3ccccc23)cc(C)c1Cl,Q07820,Induced myeloid leukemia cell differentiation protein Mcl-1,1,6.494850021680094,4hw3,19G,0.99658203125,6.637382984161377,6.494849681854248
NCCc1ccc(O)c(O)c1,P23975,Sodium-dependent noradrenaline transporter,1,6.490797477668897,8hfg,LDP,0.9501953125,8.31076431274414,6.49079704284668
CN1CCN(C(=O)c2ccc(S(N)(=O)=O)cc2)C[C@@H]1Cc1ccccc1,P00918,Carbonic anhydrase 2,1,6.484126156288321,6rg4,K45,0.994140625,7.9910688400268555,6.484126091003418
Clc1ccccc1Oc1ccc(Nc2ncnc3[nH]ccc23)cc1,Q5TCY1,Tau-tubulin kinase 1,1,6.481486060122112,7q8v,9IV,1.0,5.931523323059082,6.481485843658447
CC1CC(C)(c2cc(CNC3(C(F)(F)F)CC3)c(F)cc2F)N=C(N)S1,P10635,Cytochrome P450 2D6,1,6.476253533188435,5tfu,P6M,0.990234375,6.403517246246338,6.476253509521484
CN1CCCN[C@@H](Cc2ccc(Cl)cc2)CC(=O)N[C@H]2CCc3ccccc3N(CC(=O)N[C@H](Cc3ccc(Cl)c(CCc4ccccc4)c3)CC1=O)C2=O,Q07820,Induced myeloid leukemia cell differentiation protein Mcl-1,1,6.468521082957745,5mes,7LT,0.9951171875,6.550199508666992,6.468520641326904
O=c1[nH]cc(CCc2ccc(C(F)(F)F)cc2)[nH]c1=O,P14920,D-amino-acid oxidase,1,6.468521082957745,7u9s,M7I,0.99755859375,6.419590950012207,6.468520641326904
Nc1nc2ccn(CCCc3ccc(C(=O)NC(CCC(=O)O)C(=O)O)cc3)c2c(=O)[nH]1,P34897,"Serine hydroxymethyltransferase, mitochondrial",1,6.468521082957745,8gks,Y6U,1.1920928955078125e-07,4.7884368896484375,6.468520641326904
C[N+](C)(C)CC#CCOC1=NOCC1,P11229,Muscarinic acetylcholine receptor M1,1,6.455931955649724,6oij,IXO,0.99609375,6.163835048675537,6.455931663513184
COc1ccc(C(Nc2ccc(C(=N)N)cc2)C(=O)NCc2ccccc2)cc1OC,P13726,Tissue factor,1,6.455931955649724,1w2k,380,6.616115570068359e-06,5.221800804138184,6.455931663513184
O=C(NC(=O)c1ccc2ccccc2c1)NC1OC(CO)C(O)C(O)C1O,P00489,"Glycogen phosphorylase, muscle form",1,6.455931955649724,3zct,VMP,3.159046173095703e-06,3.594909191131592,6.455931663513184
CNCC(O)c1ccc(O)c(O)c1,P07550,Beta-2 adrenergic receptor,1,6.443697499232712,4ldo,ALE,0.99267578125,6.2920684814453125,6.443697452545166
CC(C)=CCC/C(C)=C/CNCCNC1C2CC3CC(C2)CC1C3,A9JQL9,"4,4'-diapophytoene synthase",1,6.443697499232712,4ea1,3RX,8.52346420288086e-06,3.890449285507202,6.443697452545166
Cc1cc(OCCCc2c(C(=O)NS(=O)(=O)c3ccccc3)[nH]c3ccccc23)cc(C)c1Cl,Q07820,Induced myeloid leukemia cell differentiation protein Mcl-1,1,6.442492798094342,5fdo,5X2,0.99560546875,6.425984859466553,6.442492485046387
O=C(O)c1ccc(-c2ccccc2OC(F)(F)F)o1,P0AE18,Methionine aminopeptidase,1,6.434152181326482,2q94,A04,1.3709068298339844e-06,4.549731254577637,6.434152126312256
N#CCCN(CCc1ccccc1)CC(=O)N(CCc1ccccc1)CCc1ccc(S(N)(=O)=O)cc1,P00918,Carbonic anhydrase 2,1,6.432973633840939,6wq4,U7A,0.98876953125,7.7488112449646,6.432973384857178
c1cc(N2CCC(N3CCCC3)CC2)ccc1CCN1CCCC1,Q96JM7,Lethal(3)malignant brain tumor-like protein 3,1,6.431798275933005,4l59,1VZ,0.9912109375,6.90463924407959,6.431797981262207
O=c1c(-c2ccc(O)cc2)coc2cc(O)cc(O)c12,P03372,Estrogen receptor,1,6.431798275933005,2qa8,GEN,0.02606201171875,4.707447052001953,6.431797981262207
CC(NC(=O)c1ccc(C#N)n1C)c1c(F)cccc1Cl,Q13546,Receptor-interacting serine/threonine-protein kinase 1,1,6.431798275933005,4itj,1HX,0.9912109375,6.488369941711426,6.431797981262207
COc1cc(CNc2ccc(C(=N)N)cc2)c(NS(C)(=O)=O)cc1OCc1ccccc1,P13726,Tissue factor,1,6.42021640338319,1w0y,771,7.68899917602539e-06,5.763150691986084,6.420216083526611
O=Cc1cc(=O)oc2cc(OCc3cccc(Cl)c3)ccc12,P27338,Amine oxidase [flavin-containing] B,1,6.3979400086720375,2v60,C17,0.98681640625,7.554862976074219,6.397939682006836
CC(C)CCNC(=O)C1CNCC(CN2CC(=O)N(c3ccccc3Cl)CC2(C)C)C1,P00797,Renin,1,6.391473966422806,3vyd,VYD,0.98828125,6.829155445098877,6.391473770141602
CC1(C)CC(=O)N(CC(=O)N2CCC(N3N=C(c4ccc(OC(F)F)c(OC(F)F)c4)[C@H]4CC=CC[C@H]4C3=O)CC2)C(=O)C1,Q8WQX9,Class 1 phosphodiesterase PDEB1,1,6.39040559077478,6fe3,D68,0.9990234375,7.350968837738037,6.390405178070068
COc1ccc(C2=NN(C3CCCCCC3)C(=O)C2(C)C)cc1OC1CCCC1,Q8WQX9,Class 1 phosphodiesterase PDEB1,1,6.3872161432802645,6qgp,J2E,0.99951171875,6.109487056732178,6.387216091156006
CCc1oc2cc(O)ccc2c1C(=O)c1cc(I)c(O)c(I)c1,P02766,Transthyretin,1,6.3872161432802645,8ii3,PKK,0.0706787109375,4.819695472717285,6.387216091156006
CCCOc1ccc(S(=O)(=O)N2CCN(C)CC2)cc1-c1nc(CC)c(Br)c(=O)[nH]1,O76074,"cGMP-specific 3',5'-cyclic phosphodiesterase",1,6.376750709602099,3sie,5BO,0.99169921875,7.034115791320801,6.376750469207764
O=C(c1c(Oc2ccccc2)n(-c2ccccc2)c2ccccc12)N1CCNCC1,P00797,Renin,1,6.376750709602099,3oqk,S52,0.98828125,6.270044803619385,6.376750469207764
CC(NC(=O)C(Cc1ccccc1)C(=O)NO)C(=O)NCC(=O)Nc1ccc([N+](=O)[O-])cc1,P00800,Thermolysin,1,6.370590400897282,5tln,BAN,0.9990234375,6.932345867156982,6.3705902099609375
Cn1c(=O)n(C2CCN(CCCn3nc(-c4ccc(Cl)c(CNC(=O)c5ccccc5)c4)ccc3=O)CC2)c2cc(Cl)ccc21,P25774,Cathepsin S,1,6.366531544420413,5qbv,N2D,0.994140625,6.26418399810791,6.3665313720703125
NS(=O)(=O)c1ccc(F)cc1,P00918,Carbonic anhydrase 2,1,6.361510743045363,6rkn,FBS,0.287841796875,4.737285614013672,6.361510276794434
OB(O)c1ccc(C=Cc2cc(O)cc(O)c2)c(Cl)c1,P02766,Transthyretin,1,6.356547323513812,5u4a,7VG,0.99853515625,6.414884567260742,6.356546878814697
NS(=O)(=O)c1ccc(NS(=O)(=O)CCNC(=O)Nc2ccccc2)cc1,P00918,Carbonic anhydrase 2,1,6.351639989019068,7k6i,VYV,0.99365234375,7.374413013458252,6.351639747619629
CNc1nc(Cl)nc2c1ncn2Cc1cc(Cl)ccc1NS(C)(=O)=O,Q96MU7,YTH domain-containing protein 1,1,6.346787486224656,8q4t,JBD,0.998046875,6.469232559204102,6.346787452697754
CCCCCCOc1cccc(Cn2ccc(O)c(C(=O)O)c2=O)c1,A9JQL9,"4,4'-diapophytoene synthase",1,6.346787486224656,4f6x,ZYL,2.980232238769531e-07,4.777069568634033,6.346787452697754
Nc1nc2ccn(CCCCc3ccc(C(=O)NC(CCC(=O)O)C(=O)O)c(F)c3)c2c(=O)[nH]1,P34897,"Serine hydroxymethyltransferase, mitochondrial",1,6.346787486224656,8fju,Y79,4.112720489501953e-06,4.649191856384277,6.346787452697754
O=C(O)c1cccc(/C=C/c2ccc(B(O)O)cc2Cl)c1,P02766,Transthyretin,1,6.346787486224656,5u4e,XLB,0.99853515625,6.443390369415283,6.346787452697754
NS(=O)(=O)c1ccc(NS(=O)(=O)CCNC(=O)Nc2ccc(F)cc2)cc1,P00918,Carbonic anhydrase 2,1,6.339134521996131,7k6l,VZD,0.994140625,7.044772148132324,6.339134216308594
Nc1nc2ccn(CCCc3ccc(C(=O)NC(CCC(=O)O)C(=O)O)c(F)c3)c2c(=O)[nH]1,P34897,"Serine hydroxymethyltransferase, mitochondrial",1,6.337242168318426,8gky,ZVR,1.4901161193847656e-06,4.711709976196289,6.337242126464844
CC1(C)C(=O)N(c2ccc(S(=O)(=O)C(F)(F)F)cc2)C(=O)N1Cc1ccnc2ccccc12,P08069,Insulin-like growth factor 1 receptor,1,6.337242168318426,8pyj,IEA,0.98779296875,6.748699188232422,6.337242126464844
CNc1nc(Cl)nc2c1ncn2Cc1ccccc1NS(C)(=O)=O,Q96MU7,YTH domain-containing protein 1,1,6.337242168318426,8q32,IW0,0.99755859375,6.084977149963379,6.337242126464844
COc1ccc2c(c1)N(CCCNC(=O)c1cccc3c1N[C@H](C)CC(=O)N3)CCC2,Q92793,CREB-binding protein,1,6.33161408331,6yim,OS8,0.994140625,6.285141468048096,6.331614017486572
OB(O)c1ccc(/C=C/c2ccc(B(O)O)cc2Cl)c(Cl)c1,P02766,Transthyretin,1,6.327902142064282,5u4f,IWW,0.9990234375,6.06046724319458,6.327901840209961
O=C(O)c1cccc(/C=C/c2ccc(O)cc2Cl)c1,P02766,Transthyretin,1,6.327902142064282,5u4d,XLO,0.9990234375,6.356895446777344,6.327901840209961
OB(O)c1ccc(/C=C/c2cc(O)cc(O)c2)cc1,P02766,Transthyretin,1,6.327902142064282,5u48,S4B,0.99853515625,5.984450817108154,6.327901840209961
Cc1cc(C)cc(NC(=O)NCCS(=O)(=O)Nc2ccc(S(N)(=O)=O)cc2)c1,P00918,Carbonic anhydrase 2,1,6.323306390375134,7k6k,VZ1,0.9921875,7.087042808532715,6.323306083679199
CCN1CCN(CC(=O)Nc2ccc(S(=O)(=O)N(CC(N)=O)c3ccc(N(CC(N)=O)S(=O)(=O)c4ccc(OC)cc4)c4ccccc34)cc2)CC1,Q14145,Kelch-like ECH-associated protein 1,1,6.318758762624412,7xm4,GDJ,0.99658203125,7.42627477645874,6.318758487701416
N#Cc1c(O)c2c(-c3ccc(-c4ccccc4O)cc3)csc2[nH]c1=O,P54646,5'-AMP-activated protein kinase catalytic subunit alpha-2,1,6.3124710387853655,4zhx,C1V,4.00543212890625e-05,5.018617153167725,6.31247091293335
N#Cc1c(O)c2c(-c3ccc(-c4ccccc4O)cc3)csc2[nH]c1=O,Q13131,5'-AMP-activated protein kinase catalytic subunit alpha-1,1,6.3124710387853655,5ezv,C1V,5.960464477539063e-08,5.187700271606445,6.31247091293335
[SeH]c1ccccc1,P00918,Carbonic anhydrase 2,1,6.309803919971486,6hx5,GXE,0.97314453125,5.398698806762695,6.309803485870361
CC(C)(c1ccc(O)cc1)c1ccc(O)cc1,P03372,Estrogen receptor,1,6.309803919971486,3uu7,2OH,0.98388671875,6.0689921379089355,6.309803485870361
COc1cc(O)cc(CCc2ccccc2O)c1,P09960,Leukotriene A-4 hydrolase,1,6.301029995663981,5n3w,8KW,7.569789886474609e-06,4.374964714050293,6.301029682159424
CCCN(CCc1cccs1)[C@H]1CCc2c(O)cccc2C1,P21728,D(1A) dopamine receptor,1,6.301029995663981,8irr,R5F,0.008880615234375,6.57761812210083,6.301029682159424
COc1ccc(S(=O)(=O)N(CC(=O)O)c2ccc(N(CC(=O)O)S(=O)(=O)c3ccc(OC)cc3)c(OCc3ccccc3)c2)cc1,Q14145,Kelch-like ECH-associated protein 1,1,6.301029995663981,6hws,GX8,0.998046875,6.430691719055176,6.301029682159424
COc1ccc(C2=NN(C3CCCCCC3)C(=O)[C@@H]3CC=CC[C@H]23)cc1C#CC(=O)NCc1ccco1,Q8WQX9,Class 1 phosphodiesterase PDEB1,1,6.300162274132754,6rb6,JX2,0.99853515625,7.202487945556641,6.300161838531494
O=C1COc2ccc(C3=Nn4cnnc4SC3c3ccccc3)cc2N1,P08235,Mineralocorticoid receptor,1,6.292429823902063,3vhv,LD1,0.9951171875,6.269867420196533,6.292429447174072
O=C(O)c1ccc(-c2ccccc2Cl)o1,P0AE18,Methionine aminopeptidase,1,6.292429823902063,1xnz,FCD,0.0012302398681640625,4.637825012207031,6.292429447174072
CC(NC(=O)c1nc(Cl)c2ccccc2c1O)C(=O)[O-],Q9GZT9,Egl nine homolog 1,1,6.290730039024169,4bqy,FNT,0.110107421875,4.742969036102295,6.290729999542236
COc1ccc(Nc2ncnc3[nH]ccc23)cc1,Q5TCY1,Tau-tubulin kinase 1,1,6.2839966563652006,7q8w,9IO,0.99951171875,5.777359485626221,6.28399658203125
CC1CC(=O)Nc2cccc(C(=O)NCc3ccccc3)c2N1,Q92793,CREB-binding protein,1,6.275724130399211,5i86,69A,0.9951171875,6.040930271148682,6.275723934173584
N#Cc1ccc(-c2cnc3[nH]cc(NC(=O)c4cccnc4)c3c2)cc1,Q2M2I8,AP2-associated protein kinase 1,1,6.266802734893431,5l4q,LKB,0.99365234375,7.07816219329834,6.2668023109436035
CC(C)CCC[C@@H](C)[C@H]1CC[C@H]2[C@@H]3CC=C4C[C@@H](OC(=O)CCC(=O)O)CC[C@]4(C)[C@H]3CC[C@]12C,P31645,Sodium-dependent serotonin transporter,1,6.260665030142091,6dzv,Y01,8.940696716308594e-07,4.397698402404785,6.260664939880371
CCCCCCCCCCCCOC1OC(CO)C(OC2OC(CO)C(O)C(O)C2O)C(O)C1O,P31645,Sodium-dependent serotonin transporter,1,6.260665030142091,6dzy,LMT,1.0788440704345703e-05,4.384910583496094,6.260664939880371
O=C(O)COC(=O)c1cc2ccccc2c2c1S(=O)(=O)N(CC(=O)O)C2=O,P15121,Aldo-keto reductase family 1 member B1,1,6.259637310505756,2nvc,ITA,0.99072265625,6.768413543701172,6.259636878967285
O=C(O)COc1cc(Cl)ccc1C(=O)NCc1ccc(Br)cc1,P15121,Aldo-keto reductase family 1 member B1,1,6.259637310505756,4lau,W8X,0.99462890625,6.250863075256348,6.259636878967285
Cc1ccccc1Oc1cc(-n2c(=O)cc(C(F)(F)F)[nH]c2=O)c(F)cc1C#N,P54687,"Branched-chain-amino-acid aminotransferase, cytosolic",1,6.2564902352715706,7nwb,UTK,0.99853515625,6.550421714782715,6.2564897537231445
COc1ccccc1-c1ccc(C(=O)O)o1,P0AE18,Methionine aminopeptidase,1,6.253365801062421,2q93,B21,9.357929229736328e-06,4.58241081237793,6.253365516662598
O=C(O)C1CCCCC1C(=O)N1CCc2ccccc2C1CN1C(=O)c2ccccc2C1=O,Q14145,Kelch-like ECH-associated protein 1,1,6.251811972993799,4l7b,1VV,0.998046875,5.618222236633301,6.251811981201172
O=C(O)c1cc(SCCc2ccccc2)ccc1NS(=O)(=O)N1CCN(c2ccccc2)CC1,Q07820,Induced myeloid leukemia cell differentiation protein Mcl-1,1,6.2441251443275085,6u64,Q0G,0.99462890625,6.02814245223999,6.244124889373779
NC(=O)C1CC2(NC(=O)NC2=O)c2cc(F)ccc2O1,P15121,Aldo-keto reductase family 1 member B1,1,6.2441251443275085,1x97,FIR,0.99560546875,5.812170505523682,6.244124889373779
C#CCNC1CCc2ccc(O)cc21,P27338,Amine oxidase [flavin-containing] B,1,6.221848749616356,1s3e,RHP,0.955078125,6.518962860107422,6.221848487854004
COc1ccccc1C1=C(Nc2ccc(C(=O)c3ccccc3)cc2)C(=O)NC1=O,O94804,Serine/threonine-protein kinase 10,1,6.221848749616356,6hxf,R70,0.99755859375,6.148205757141113,6.221848487854004
CC12CCC(=O)C=C1CCC1C2CCC2(C)C(O)CCC12,P11511,Aromatase,1,6.221848749616356,5jkw,TES,0.99462890625,5.564229488372803,6.221848487854004
O=C(Cn1c(-c2cccs2)cc2ccccc21)NCc1ccccn1,P04629,High affinity nerve growth factor receptor,1,6.216811308924743,5kmj,6UF,0.67041015625,5.214696407318115,6.216811180114746
CC(=O)N1CCc2[nH]nc(Nc3ccccc3)c2C1,Q92793,CREB-binding protein,1,6.207608310501746,5ktu,6XB,0.986328125,5.724077224731445,6.207608222961426
O=P(O)(O)C(O)(C1CCc2ccncc21)P(=O)(O)O,P14324,Farnesyl pyrophosphate synthase,1,6.201004265556119,2rah,11P,0.9970703125,6.011092185974121,6.2010040283203125
COc1ccc(CCOc2cc(C3=NN(C4CCCCCC4)C(=O)C3(C)C)ccc2OC)cc1,Q8WQX9,Class 1 phosphodiesterase PDEB1,1,6.200659450546418,7a2f,QWZ,0.9990234375,6.379984378814697,6.200659275054932
Nc1nc2ccn(CCCCc3csc(C(=O)NC(CCC(=O)O)C(=O)O)c3F)c2c(=O)[nH]1,P34897,"Serine hydroxymethyltransferase, mitochondrial",1,6.200659450546418,8fjt,Y72,4.708766937255859e-06,4.81117057800293,6.200659275054932
COc1ccc(C2=NN(C3CCCCCC3)C(=O)[C@@H]3CC=CC[C@H]23)cc1C#CC(N)=O,Q8WQX9,Class 1 phosphodiesterase PDEB1,1,6.199970640755866,6ftm,E6Z,0.9990234375,6.982964515686035,6.199970245361328
NNC(=O)c1cn2ccc3ccccc3c2n1,P0AE18,Methionine aminopeptidase,1,6.1938200260161125,2p98,YE7,0.4404296875,4.974570274353027,6.193819999694824
CC1CC(=O)Nc2ccc(OC(C)c3ccccc3)cc2N1,Q92793,CREB-binding protein,1,6.185752404268079,5i83,68Y,0.99267578125,6.215518951416016,6.1857523918151855
O=C1COc2ccc(C3=C(c4ccc(F)cc4F)C(=O)OC3)cc2N1,P08235,Mineralocorticoid receptor,1,6.180456064458131,3wff,WFF,0.99609375,6.245002269744873,6.180455684661865
CCOc1ccc(C(C)=O)cc1NC(=O)c1cccc(C(=O)O)c1,Q92793,CREB-binding protein,1,6.173925197299173,4tqn,UL4,0.99462890625,5.885345458984375,6.173924922943115
O=C(O)c1ccc(-c2cc(Cl)ccc2Cl)o1,P0AE18,Methionine aminopeptidase,1,6.159266765388193,2evm,FC2,2.753734588623047e-05,4.6236162185668945,6.159266471862793
CC(C)(C)c1ccc(C(=O)NC(=O)NC2OC(CO)C(O)C(O)C2O)cc1,P00489,"Glycogen phosphorylase, muscle form",1,6.154901959985743,3zcr,F85,4.947185516357422e-05,3.724207878112793,6.154901504516602
CNC(=O)CCS(=O)(=O)N1CCN(c2ccc3nncn3n2)CC1,P25774,Cathepsin S,1,6.154901959985743,6yyn,Q1E,1.895427703857422e-05,4.25277042388916,6.154901504516602
COc1ccc(CCNC(=O)[C@@H]2CCCN2C(=O)NCc2cccc3ccccc23)cc1,P49862,Kallikrein-7,1,6.154901959985743,5fah,5VT,0.609375,5.494606971740723,6.154901504516602
CCc1oc2cc(O)ccc2c1C(=O)c1cc(Br)c(O)c(Br)c1,P02766,Transthyretin,1,6.154901959985743,8ii4,PKQ,0.00916290283203125,5.095343589782715,6.154901504516602
O=C(O)c1ccc(Cl)s1,P14920,D-amino-acid oxidase,1,6.142667503568731,5zja,9E9,0.99609375,6.108066082000732,6.142667293548584
NS(=O)(=O)c1c(F)c(F)c(SCCO)c(F)c1NC1CCCCCCC1,P00918,Carbonic anhydrase 2,1,6.136677139879544,4pyx,V90,0.9951171875,8.229774475097656,6.136676788330078
Oc1cc(O)cc(C=Cc2ccc(O)cc2Cl)c1,P02766,Transthyretin,1,6.136677139879544,5u49,S2L,0.99853515625,6.123340606689453,6.136676788330078
O=C(O)c1ccccc1Nc1cc(Cl)c(O)c(Cl)c1,P02766,Transthyretin,1,6.130181792020672,3m1o,CJZ,0.99755859375,5.828510761260986,6.130181312561035
Cc1cccc2c1CCN(C(=O)C1CCCCC1C(=O)O)C2CN1Cc2ccccc2C1=O,Q14145,Kelch-like ECH-associated protein 1,1,6.1249387366083,4l7d,1VX,0.998046875,5.805776596069336,6.124938488006592
CC(=O)N[C@@H](C)C(=S)N1C[C@H](O)C[C@H]1C(=O)NCc1ccc(-c2scnc2C)cc1,P40337,von Hippel-Lindau disease tumor suppressor,1,6.119186407719209,6fmj,DV5,0.99609375,5.670083999633789,6.1191864013671875
O=C(O)c1cc(SCCc2ccccc2)ccc1NS(=O)(=O)N1CCN(Cc2ccc(F)cc2)CC1,Q07820,Induced myeloid leukemia cell differentiation protein Mcl-1,1,6.113509274827518,6u65,Q0A,0.9951171875,5.706315994262695,6.113509178161621
CCCOc1ccc(S(=O)(=O)N2CCN(C)CC2)cc1-c1nc(CC)c(Cl)c(=O)[nH]1,O76074,"cGMP-specific 3',5'-cyclic phosphodiesterase",1,6.113509274827518,3shz,5CO,0.99169921875,6.82773494720459,6.113509178161621
COc1ccc(Cl)cc1C[C@@H]1CN/C(=N\N(C)C)CN(CC(=O)Nc2cccc(S(C)(=O)=O)c2)C1=O,P49862,Kallikrein-7,1,6.086186147616283,5yjk,8VX,0.99951171875,5.748231887817383,6.086185932159424
Nc1ccc(N2CCOCC2)cc1N1CCOCC1,Q99538,Legumain,1,6.073657553374344,5lu8,5KN,0.99951171875,5.917670249938965,6.073657035827637
O=C(O)c1ccc(O)cc1,P00918,Carbonic anhydrase 2,1,6.060480747381382,4e3g,PHB,8.821487426757812e-05,4.214406967163086,6.06048059463501
CNc1nc(Cl)nc2c1ncn2Cc1ccc(C(=O)O)cc1,Q96MU7,YTH domain-containing protein 1,1,6.060480747381382,8q4q,JIB,0.99853515625,6.027787208557129,6.06048059463501
O=C(Nc1ccccc1Oc1ccc(C(=O)O)c(C(=O)O)c1)c1cccc([N+](=O)[O-])c1,P00489,"Glycogen phosphorylase, muscle form",1,6.045757490560675,1z6p,194,2.586841583251953e-05,4.633562088012695,6.045757293701172
CCOc1ccc(C(=O)Nc2ccc(F)c(C3(C)N=C(N)OCC3(F)F)c2)nc1,Q9Y5Z0,Beta-secretase 2,1,6.043831569524636,3zlq,6T9,0.99609375,6.319242477416992,6.0438313484191895
CC(C)(C)c1ccc(N2CCN(S(=O)(=O)Nc3ccc(SCCC(=O)Nc4ccccc4)cc3C(=O)O)CC2)cc1,Q07820,Induced myeloid leukemia cell differentiation protein Mcl-1,1,6.022276394711152,6u67,Q01,0.99169921875,5.783753395080566,6.022275924682617
CS(=O)(=O)Nc1c(O)ccc2c1CCCC2C1=NCCN1,P35348,Alpha-1A adrenergic receptor,1,6.019996628416253,8thk,CGZ,0.8935546875,5.500290870666504,6.019996643066406
CNc1nc(Cl)nc2c1ncn2Cc1cccc(Cl)c1,Q96MU7,YTH domain-containing protein 1,1,6.017728766960431,8q4m,J9B,0.9990234375,5.6381144523620605,6.017728328704834
O=C(O)c1cccc(/C=C/c2ccc(B(O)O)cc2)c1,P02766,Transthyretin,1,6.00436480540245,5u4c,XBS,0.9990234375,6.011092185974121,6.004364490509033
c1cncc(CNc2ccc3ncnc(Nc4ccc(N5CCOCC5)cc4)c3n2)c1,P04629,High affinity nerve growth factor receptor,1,6.001304841688344,4pmt,31Y,0.97607421875,6.078583240509033,6.001304626464844
OCCN1C[C@H](O)[C@@H](O)[C@H](O)[C@H]1CO,O43451,Maltase-glucoamylase,1,6.0,3l4w,MIG,0.99853515625,5.334759712219238,6.0
C[C@@H]1C[C@H](O)[C@@]2(C)C(C(=O)O)=CCC[C@@H]2[C@@]1(C)CCc1ccoc1,Q9NZ08,Endoplasmic reticulum aminopeptidase 1,1,6.0,6t6r,MNZ,0.99853515625,5.625326633453369,6.0
O=C(O)Cc1c(Cl)cccc1Cl,P15121,Aldo-keto reductase family 1 member B1,1,6.0,2is7,2CL,0.99365234375,5.53652286529541,6.0
Cc1cc(Br)c2c(c1)C(=O)C(=O)N2,P05091,"Aldehyde dehydrogenase, mitochondrial",1,6.0,4kwg,2AK,4.1961669921875e-05,4.728760242462158,6.0
CCCOc1ccc(S(=O)(=O)N2CCN(C)CC2)cc1-c1nc2c(c(=O)[nH]1)CCC2,O76074,"cGMP-specific 3',5'-cyclic phosphodiesterase",1,6.0,4g2y,NI5,0.9765625,6.923820972442627,6.0
CNc1nc(Cl)nc2c1ncn2Cc1cccc(C(=O)OC)c1,Q96MU7,YTH domain-containing protein 1,1,6.0,8q38,IZJ,0.99853515625,5.758888244628906,6.0
CNC(=O)c1cccc(Cn2cnc3c(NC)nc(Cl)nc32)c1,Q96MU7,YTH domain-containing protein 1,1,6.0,8q3g,J7L,0.9990234375,5.736865043640137,6.0
O=c1[nH]c(=O)n(C2OC(CO)C(O)C(O)C2O)cc1Cl,P00489,"Glycogen phosphorylase, muscle form",1,5.991399828238082,3t3e,GPQ,0.232177734375,4.673346519470215,5.991399765014648
COc1ccc(S(=O)(=O)N(CC(N)=O)c2ccc(N(CC(N)=O)S(=O)(=O)c3ccc(NC(=O)CCN4CCOCC4)cc3)c3ccccc23)cc1,Q14145,Kelch-like ECH-associated protein 1,1,5.987162775294828,7xm5,GCI,0.99658203125,7.05613899230957,5.9871625900268555
O=C(O)c1ccc(-c2ccccc2[N+](=O)[O-])o1,P0AE18,Methionine aminopeptidase,1,5.96657624451305,2q92,B23,1.0073184967041016e-05,4.598040580749512,5.966576099395752
CNCC(O)c1ccc(O)c(O)c1,P08588,Beta-1 adrenergic receptor,1,5.958607314841775,7bts,ALE,0.98583984375,6.297929286956787,5.958607196807861
O=C(O)c1ccnc(C(=O)O)c1,Q9NWT6,Hypoxia-inducible factor 1-alpha inhibitor,1,5.958607314841775,2w0x,PD2,1.1920928955078125e-07,3.4329304695129395,5.958607196807861
CC1CCc2nc(N)nc(N)c2C1,P0ABQ4,Dihydrofolate reductase,1,5.958607314841775,3r33,6ME,3.5762786865234375e-07,3.19706654548645,5.958607196807861
NNC(=O)c1ccc(-c2ccccc2Cl)o1,P0AE18,Methionine aminopeptidase,1,5.935542010773082,2p9a,YE6,0.030792236328125,4.6761884689331055,5.93554162979126
O=C(O)COc1cc(Cl)ccc1C(=O)NCc1c(F)cc(Br)cc1F,P15121,Aldo-keto reductase family 1 member B1,1,5.924453038607469,4lbs,4O8,0.99462890625,6.649504661560059,5.924452781677246
Cc1nc(Nc2ncc(C(=O)Nc3c(C)cccc3Cl)s2)cc(N2CCN(CCO)CC2)n1,O94804,Serine/threonine-protein kinase 10,1,5.920818753952375,5owr,1N1,0.9501953125,5.768123626708984,5.920818328857422
Cc1ccc(S(=O)(=O)NC2CNCC(C(=O)NCC(c3ccccc3)c3ccccc3)C2)cc1,P00797,Renin,1,5.920818753952375,4gja,0M3,0.97216796875,5.475425720214844,5.920818328857422
COC(=O)[C@H](Cc1ccc(O)cc1)NC(=O)[C@H](CC(C)C)NC(=O)[C@@H](O)[C@H](N)CCCCO,Q9NZ08,Endoplasmic reticulum aminopeptidase 1,1,5.920818753952375,7z28,I88,0.9990234375,5.46903133392334,5.920818328857422
O=C(O)c1ccc(Cc2ccccc2Cl)o1,P0AE18,Methionine aminopeptidase,1,5.913640169325252,2q96,A18,0.1859130859375,4.117787837982178,5.913640022277832
O=C(O)CCCOc1ccccc1-c1cc(-c2ccccc2)n(-c2ccc(Br)cc2)n1,P05413,"Fatty acid-binding protein, heart",1,5.904481957676849,7euw,JEC,0.99853515625,6.052297115325928,5.904481887817383
Cc1cc(=O)[nH]c(SCC(=O)c2cccc(S(N)(=O)=O)c2)n1,P00918,Carbonic anhydrase 2,1,5.903089986991944,4qsb,EWY,0.99462890625,6.371281623840332,5.90308952331543
Nc1ccc(CNC(=O)c2ccc(Cl)cc2OCC(=O)O)c(F)c1,P15121,Aldo-keto reductase family 1 member B1,1,5.886056647693163,4qxi,I98,0.9921875,6.204329967498779,5.886056423187256
O=C(O)COc1cc(Cl)ccc1C(=O)NCc1c(F)cc(I)cc1F,P15121,Aldo-keto reductase family 1 member B1,1,5.866461091629782,4lbr,4O9,0.9951171875,6.239673614501953,5.866460800170898
CCOc1ccc(C(C)=O)cc1Nc1cc(C(=O)OC)cc(C(=O)OC)c1,Q92793,CREB-binding protein,1,5.853871964321762,5mme,8Q6,0.99560546875,5.857283115386963,5.853871822357178
CCC1(O)C(=O)OCc2c1cc1n(c2=O)Cc2cc3ccccc3nc2-1,P11387,DNA topoisomerase 1,1,5.853871964321762,1t8i,EHD,0.6123046875,5.304921627044678,5.853871822357178
O=C(O)CNC(=O)c1ncc2c(I)cccc2c1O,Q9GZT9,Egl nine homolog 1,1,5.853871964321762,2g19,4HG,0.99462890625,6.173425674438477,5.853871822357178
CNC(=O)CCC(=O)N1CCC[C@H]1C(=O)N[C@@H]1COC(=O)c2ccccc2CSC[C@H](C(=O)N(C)C)NC1=O,Q14145,Kelch-like ECH-associated protein 1,1,5.853871964321762,7q6q,8ZL,0.99853515625,5.681450843811035,5.853871822357178
CCCCOC(=O)c1ccc(O)cc1,P03372,Estrogen receptor,1,5.847711655616943,4mg9,27K,0.98046875,6.028852939605713,5.847711563110352
N#CSCCOc1ccc(Oc2ccccc2)cc1,A9JQL9,"4,4'-diapophytoene synthase",1,5.823908740944319,4e9u,RWY,1.1920928955078125e-07,4.154730319976807,5.82390832901001
CCCOc1ccc(S(=O)(=O)N2CCN(C)CC2)cc1-c1nc(CC)cc(=O)[nH]1,O76074,"cGMP-specific 3',5'-cyclic phosphodiesterase",1,5.823908740944319,4oex,5EO,0.99267578125,6.262940406799316,5.82390832901001
O=C(O)c1ccc(-c2ccc([N+](=O)[O-])cc2Cl)o1,P0AE18,Methionine aminopeptidase,1,5.806875401645538,2q95,A05,6.67572021484375e-06,4.8793721199035645,5.806875228881836
Cc1ccc(NCCCN)c([N+](=O)[O-])c1,Q92831,Histone acetyltransferase KAT2B,1,5.795880017344075,1wug,NP1,0.99853515625,5.566360950469971,5.79587984085083
O=C(O)/C=C/c1ccc(O)c(O)c1,P00918,Carbonic anhydrase 2,1,5.79317412396815,6yri,DHC,0.5859375,4.779911518096924,5.793173789978027
O=C(CCCCCCC(=O)Nc1ccccc1)NO,P09960,Leukotriene A-4 hydrolase,1,5.777283528852417,4r7l,SHH,0.89453125,5.76954460144043,5.777283191680908
CCCOc1ccc(S(=O)(=O)N2CCN(C)CC2)cc1-c1nc(CC)c(F)c(=O)[nH]1,O76074,"cGMP-specific 3',5'-cyclic phosphodiesterase",1,5.769551078621726,3shy,5FO,0.9921875,6.081779956817627,5.769550800323486
C[C@]1(c2cc(NC(=O)c3cnc(OCF)cn3)ccc2F)N=C(N)SCC12CCS(=O)(=O)CC2,Q9Y5Z0,Beta-secretase 2,1,5.7594507517174005,6jsz,C7O,0.9970703125,5.786595344543457,5.759450435638428
O=C(O)CNC(=O)C(CS)Cc1ccccc1,P00800,Thermolysin,1,5.7447274948966935,1zdp,TIO,0.99755859375,5.719103813171387,5.74472713470459
O=C(O)c1cccc(C=Cc2ccc(O)cc2)c1,P02766,Transthyretin,1,5.7447274948966935,5u4b,XOS,0.9990234375,5.714841365814209,5.74472713470459
NCCCC(=O)O,P30531,Sodium- and chloride-dependent GABA transporter 1,1,5.7447274948966935,7y7w,ABU,0.99951171875,5.53865385055542,5.74472713470459
O=C(NC(=O)c1ccc(C(F)(F)F)cc1)NC1OC(CO)C(O)C(O)C1O,P00489,"Glycogen phosphorylase, muscle form",1,5.7447274948966935,3zcq,62N,7.748603820800781e-07,3.415879964828491,5.74472713470459
COc1ccc(Cl)cc1C[C@@H]1CN/C(=N\N(C)C)CN(CC(=O)Nc2cccc(C(=O)O)c2)C1=O,P49862,Kallikrein-7,1,5.721246399047171,5y9l,8R3,0.99951171875,5.496738433837891,5.721246242523193
O=C(O)COc1cc(Cl)ccc1C(=O)NCc1ccc(I)cc1,P15121,Aldo-keto reductase family 1 member B1,1,5.721246399047171,4laz,1WW,0.9951171875,6.594146728515625,5.721246242523193
CC1CN(C(C)C(=O)O)C(=O)c2cccc(NS(=O)(=O)c3ccc(F)cc3)c2OC1CN(C)C(=O)Nc1ccc(C(F)(F)F)cc1,Q07820,Induced myeloid leukemia cell differentiation protein Mcl-1,1,5.721246399047171,4wgi,3M6,0.99609375,5.510947227478027,5.721246242523193
O=c1[nH]c(=O)n(C2OC(CO)C(O)C(O)C2O)cc1I,P00489,"Glycogen phosphorylase, muscle form",1,5.7121982700697735,3t3h,GPV,0.1607666015625,5.830641746520996,5.712198257446289
Cc1cc(/C=C/c2cccc(C(=O)Oc3ccc(F)cc3)c2)cc(C)c1O,P02766,Transthyretin,1,5.707743928643524,3hj0,A93,0.99853515625,5.881082534790039,5.7077436447143555
CNc1nc(Cl)nc2c1ncn2Cc1cccc(C#N)c1,Q96MU7,YTH domain-containing protein 1,1,5.698970004336019,8q4n,JIR,0.9990234375,5.711999893188477,5.698969841003418
CNc1nc(Cl)nc2c1ncn2Cc1ccccc1C(F)F,Q96MU7,YTH domain-containing protein 1,1,5.698970004336019,8q35,IWM,0.9990234375,5.674346923828125,5.698969841003418
CNc1nc(Cl)nc2c1ncn2Cc1cccc(C(N)=O)c1,Q96MU7,YTH domain-containing protein 1,1,5.698970004336019,8q3a,IYQ,0.99853515625,5.701343059539795,5.698969841003418
CNc1nc(Cl)nc2c1ncn2Cc1ccc(CO)cc1,Q96MU7,YTH domain-containing protein 1,1,5.698970004336019,8q4r,JHU,0.99853515625,5.803645610809326,5.698969841003418
CNc1nc(F)nc2c1ncn2Cc1cccc(Cl)c1,Q96MU7,YTH domain-containing protein 1,1,5.698970004336019,8q4u,JA0,0.9990234375,5.774518013000488,5.698969841003418
O=C(O)CN1C(=O)c2cccc3cccc(c23)C1=O,P15121,Aldo-keto reductase family 1 member B1,1,5.698970004336019,1az1,ALR,0.29736328125,4.917735576629639,5.698969841003418
FC(F)(F)c1nccc(N[C@H]2CC[C@@H](Nc3ccnc(C(F)(F)F)n3)CC2)n1,Q9UDY8,Mucosa-associated lymphoid tissue lymphoma translocation protein 1,1,5.657577319177793,7pav,6IO,0.9970703125,5.6885552406311035,5.657577037811279
NS(=O)(=O)c1cc(C(=O)O)c(NCc2ccco2)cc1Cl,Q9NZ45,CDGSH iron-sulfur domain-containing protein 1,1,5.641113795594131,6de9,FUN,0.000263214111328125,4.4474287033081055,5.641113758087158
O=C(O)CC(=O)NC(CS)Cc1ccccc1,P00800,Thermolysin,1,5.6401645176601125,1z9g,RRT,1.1920928955078125e-07,3.9401795864105225,5.640164375305176
CNC[C@@H]1OCCc2ccsc21,P08908,5-hydroxytryptamine receptor 1A,1,5.638272163982407,8w8b,UJL,0.00015592575073242188,4.21014404296875,5.638271808624268
OCC1OC(O)C(O)C(O)C1O,P08191,Type 1 fimbrin D-mannose specific adhesin,1,5.638272163982407,8bxy,MAN,0.4443359375,4.649191856384277,5.638271808624268
Cc1ccc(C(=O)c2ccc(CC(=O)O)n2C)cc1,P15121,Aldo-keto reductase family 1 member B1,1,5.621602099051863,3s3g,TLT,0.9765625,5.500290870666504,5.6216020584106445
CN1CCC[C@@H](Nc2nc3cc[nH]c3c(=O)n2C)C1,Q92831,Histone acetyltransferase KAT2B,1,5.619788758288394,6j3o,B4L,0.998046875,6.305744171142578,5.619788646697998
CC1(CO)C(O)CCC2(C)C1CCC1CC3CC12CCC3(O)CO,P09884,DNA polymerase alpha catalytic subunit,1,5.619788758288394,4q5v,2ZE,0.67919921875,5.388752460479736,5.619788646697998
NC(=O)[C@H]1CC[C@H]1C(=O)N1CCc2c(OCCO)cccc2[C@H]1CN1C(=O)c2ccccc2C1=O,Q14145,Kelch-like ECH-associated protein 1,1,5.6020599913279625,6sp4,LQK,0.99658203125,5.724077224731445,5.602059841156006
Oc1ccc(/C=C/c2cc(O)cc(O)c2)cc1,P02766,Transthyretin,1,5.568636235841012,8w42,STL,0.99658203125,5.804356098175049,5.568635940551758
Cc1ccc(S(=O)(=O)c2cnc(SCC(=O)Nc3ccccc3C(F)(F)F)[nH]c2=O)c(C)c1,Q14145,Kelch-like ECH-associated protein 1,1,5.552841968657781,4in4,4ID,1.0132789611816406e-06,4.151888847351074,5.552841663360596
Cc1ccc([C@@H](NC(=O)Cc2ccc3c(c2)CCCC3)[C@@H](C)C(=O)O)cc1,Q14145,Kelch-like ECH-associated protein 1,1,5.552841968657781,8ivr,SIU,0.572265625,7.458244323730469,5.552841663360596
Cn1nc(O)c(C(=O)O)c1COc1cccc(C(F)(F)F)c1,Q08210,"Dihydroorotate dehydrogenase (quinone), mitochondrial",1,5.552841968657781,6i4b,E2N,0.0001302957534790039,4.551152229309082,5.552841663360596
Clc1ccc(CCC2(Cn3ccnc3)OCCO2)cc1,P06762,Heme oxygenase 1,1,5.552841968657781,2dy5,224,0.99951171875,5.663690090179443,5.552841663360596
O=C(Nc1cc(-c2ccncc2)c[nH]c1=O)c1ccc(N2CCCCC2)cc1,P33981,Dual specificity protein kinase TTK,1,5.537602002101044,4cva,WBI,0.0,4.805487155914307,5.537601947784424
CC(C)Cn1c(=O)n(C)c(=O)c2c(-c3ccncc3)n(Cc3cccc4ccccc34)nc21,Q9ZLT0,Glutamate racemase,1,5.537602002101044,2jfz,003,0.9990234375,5.946797847747803,5.537601947784424
NS(=O)(=O)Cc1noc2ccccc12,P27338,Amine oxidase [flavin-containing] B,1,5.537602002101044,3po7,ZON,2.467632293701172e-05,5.075451850891113,5.537601947784424
CNc1nc(Cl)nc2c1ncn2Cc1ccccc1,Q96MU7,YTH domain-containing protein 1,1,5.522878745280337,8q2t,IUA,0.998046875,5.4775567054748535,5.522878646850586
O=C1NC(=O)C2(N1)OC(CO)C(O)C(O)C2O,P00489,"Glycogen phosphorylase, muscle form",1,5.51999305704285,1a8i,GLS,0.99853515625,5.623906135559082,5.519992828369141
Cc1cc(/C=C/c2ccccc2)cc(C)c1O,P02766,Transthyretin,1,5.511449283499555,3cn0,LJ1,0.99853515625,5.65800666809082,5.511448860168457
Cc1nc(Nc2ncc(C(=O)Nc3c(C)cccc3Cl)s2)cc(N2CCN(CCO)CC2)n1,P02766,Transthyretin,1,5.508638306165727,7erk,1N1,0.33203125,5.303500652313232,5.508638381958008
COc1cc(/C=C/c2cc(O)cc(O)c2)ccc1O,P02766,Transthyretin,1,5.494850021680094,8w47,P5O,0.998046875,5.732602119445801,5.494849681854248
O=c1[nH]c(=O)n(C2OC(CO)C(O)C(O)C2O)cc1Br,P00489,"Glycogen phosphorylase, muscle form",1,5.485452247339714,3t3g,GPU,0.0006694793701171875,4.315288543701172,5.485451698303223
COc1cc(OC)c(-n2c(=O)cc(C(F)(F)F)[nH]c2=O)cc1Cl,P54687,"Branched-chain-amino-acid aminotransferase, cytosolic",1,5.481486060122112,7nwc,UTQ,0.99951171875,5.4796881675720215,5.481485843658447
COc1cc(O)cc(/C=C/c2ccc(O)cc2)c1,P02766,Transthyretin,1,5.468521082957745,8w45,8KZ,0.998046875,5.519472122192383,5.4685211181640625
CSc1ccc2c(c1)N(CCC1CCCCN1C)c1ccccc1S2,Q9UDY8,Mucosa-associated lymphoid tissue lymphoma translocation protein 1,1,5.464705879957229,4i1r,LZU,0.935546875,5.532970428466797,5.464705467224121
O=C(O)Cc1ccccc1O,P15121,Aldo-keto reductase family 1 member B1,1,5.455931955649724,2inz,OHP,0.990234375,5.857283115386963,5.455931663513184
COc1cc(/C=C/c2ccc(O)cc2)cc(OC)c1,P02766,Transthyretin,1,5.455931955649724,8w46,3RL,0.99755859375,5.497448921203613,5.455931663513184
CSc1nc2cc(Cl)c(Oc3cccc(Cl)c3Cl)cc2[nH]1,P02766,Transthyretin,1,5.455931955649724,7eri,JA9,0.99560546875,5.4193010330200195,5.455931663513184
Cc1nnc2c3ccccc3c(N3CCc4ccccc4C3)nn12,Q08210,"Dihydroorotate dehydrogenase (quinone), mitochondrial",1,5.455931955649724,4cq9,XBL,6.020069122314453e-06,4.5269975662231445,5.455931663513184
Cc1c(Cl)c(OCC(=O)N2CCN(C)CC2)nc2sc(C(=O)NC3CC3)c(N)c12,P30518,Vasopressin V2 receptor,1,5.450016388840311,6u1n,2CU,5.960464477539063e-08,5.157151222229004,5.450016021728516
CC(=O)N1CCC[C@H]1C(=O)N[C@@H]1COC(=O)c2ccccc2CSC[C@H](C(=O)N(C)C)NC1=O,Q14145,Kelch-like ECH-associated protein 1,1,5.431798275933005,6z6a,Q9E,0.99853515625,5.619643211364746,5.431797981262207
CC(C)(C)NC[C@H](O)c1ccc(O)c(CO)c1,P07550,Beta-2 adrenergic receptor,1,5.419987887470576,7dhi,68H,0.9951171875,6.15495491027832,5.419987678527832
CNc1nc(Cl)nc2c1ncn2Cc1cccc(OC)c1,Q96MU7,YTH domain-containing protein 1,1,5.3979400086720375,8q4p,JII,0.9990234375,5.6345624923706055,5.397939682006836
Cc1ncc(COP(=O)(O)O)c(C=O)c1O,P00489,"Glycogen phosphorylase, muscle form",1,5.3979400086720375,3zcv,PLP,0.00010722875595092773,4.34938907623291,5.397939682006836
Cn1cc(C(=O)Nc2cccc(C(=O)O)c2)ccc1=O,Q92793,CREB-binding protein,1,5.3979400086720375,5ep7,5QR,0.99609375,5.48679256439209,5.397939682006836
CNC(=O)c1cc(Br)c[nH]1,Q92793,CREB-binding protein,1,5.3979400086720375,5mqe,PKU,0.269775390625,4.81401252746582,5.397939682006836
CCN(CC)c1nc2c(C(=O)O)c(O)c(I)c(-n3cccc3)c2s1,P04637,Cellular tumor antigen p53,1,5.3979400086720375,5o1i,9GH,0.99951171875,5.393725395202637,5.397939682006836
O=C(O)c1cc(O)ccc1O,P00918,Carbonic anhydrase 2,1,5.3872161432802645,4e3d,GTQ,2.0325183868408203e-05,2.810590982437134,5.387215614318848
O=C(c1ccc(O)cc1)N1CCc2c(n(Cc3ccc(O)cc3)c3ccccc23)C1,P0AEK4,Enoyl-[acyl-carrier-protein] reductase [NADH] FabI,1,5.376750709602099,1i30,826,0.98193359375,5.4058027267456055,5.376750469207764
O=C(NCc1ccc2c(c1)OCO2)c1c(Cl)cccc1Cl,P05091,"Aldehyde dehydrogenase, mitochondrial",1,5.366531544420413,3inj,BXB,0.10858154296875,5.255901336669922,5.3665313720703125
COc1cc(C2Nc3ccccc3NC3=C2C(=O)CC(c2ccccc2)C3)cc(Cl)c1O,P03367,Gag-Pol polyprotein,1,5.366531544420413,3t11,3T1,5.960464477539063e-08,4.838167190551758,5.3665313720703125
N=C(N)NC(=N)SCc1cccc(C(F)(F)F)c1,P0ABQ4,Dihydrofolate reductase,1,5.366531544420413,2ano,817,0.99609375,5.723366737365723,5.3665313720703125
O=C(O)C1(CN2CC(CN3CCC(CCS(=O)(=O)c4ccc(F)cc4)CC3)C(c3cccc(F)c3)C2)CCCC1,P05089,Arginase-1,1,5.356547323513812,8e5m,UKR,0.88525390625,5.118077754974365,5.3565473556518555
[O-]/[N+](=C\c1ccc2cccc(O)c2n1)Cc1ccccc1,P27338,Amine oxidase [flavin-containing] B,1,5.350665141287858,7zw3,AI0,0.98876953125,5.557125091552734,5.350665092468262
Oc1cc(O)cc(/C=C/c2ccc(O)cc2O)c1,P02766,Transthyretin,1,5.346787486224656,8w44,EZE,0.998046875,5.626037120819092,5.346787452697754
OCc1ccc(Oc2ccccc2)cc1,P09960,Leukotriene A-4 hydrolase,1,5.346787486224656,7av2,RZN,0.99609375,5.991199970245361,5.346787452697754
CN1CCc2cc3c(cc2[C@H]1[C@@H]1OC(=O)c2c1ccc1c2OCO1)OCO3,P14867,Gamma-aminobutyric acid receptor subunit alpha-1,1,5.340000191293724,6huk,H0Z,2.384185791015625e-07,4.7884368896484375,5.340000152587891
C#Cc1cn(C2OC(CO)C(O)C(O)C2O)c(=O)[nH]c1=O,P00489,"Glycogen phosphorylase, muscle form",1,5.327902142064282,4el5,D1M,8.940696716308594e-07,3.8591902256011963,5.327901840209961
COc1cc(C2c3cc4c(cc3C(OC3OC5COC(C)OC5C(O)C3O)C3COC(=O)C23)OCO4)cc(OC)c1O,P11388,DNA topoisomerase 2-alpha,1,5.327902142064282,6zy5,EVP,0.01554107666015625,4.303921222686768,5.327901840209961
CN1CCN(c2ccc(C(=O)Nc3cc(-c4ccncc4)c[nH]c3=O)cc2)CC1,P33981,Dual specificity protein kinase TTK,1,5.318758762624412,4cv9,W2K,0.0,4.924839973449707,5.318758487701416
CC(C)c1ccc(/C=C/C(=O)NC2OC(CO)C(O)C(O)C2O)cc1,P00489,"Glycogen phosphorylase, muscle form",1,5.302770657240282,4mic,26Y,0.00011414289474487305,3.846402406692505,5.302770614624023
O=C(NC(=O)c1cccc2ccccc12)NC1OC(CO)C(O)C(O)C1O,P00489,"Glycogen phosphorylase, muscle form",1,5.301029995663981,3zcs,CAW,9.298324584960938e-06,3.5522830486297607,5.301029682159424
C=Cc1ccc(C(=O)O)c(NS(=O)(=O)c2ccccc2)c1,Q07820,Induced myeloid leukemia cell differentiation protein Mcl-1,1,5.301029995663981,4wmx,3R7,0.9970703125,5.329786777496338,5.301029682159424
O=C(O)c1c(O)cccc1O,P00918,Carbonic anhydrase 2,1,5.2839966563652006,4e3f,GRE,7.486343383789062e-05,3.6148011684417725,5.28399658203125
Oc1cc(O)cc(/C=C/c2ccc(O)c(O)c2)c1,P02766,Transthyretin,1,5.267606240177031,8w43,PIT,0.9921875,5.829931735992432,5.267605781555176
O=c1[nH]c(=O)n(C2OC(CO)C(O)C(O)C2O)cc1F,P00489,"Glycogen phosphorylase, muscle form",1,5.259637310505756,3syr,GPK,0.0024929046630859375,4.187410354614258,5.259636878967285
NC(CCc1ccccc1)P(=O)(O)O,Q9NZ08,Endoplasmic reticulum aminopeptidase 1,1,5.255707016877324,6mgq,2X0,0.38671875,5.16141414642334,5.255706787109375
CNc1nc(Cl)nc2c1ncn2Cc1ccncc1,Q96MU7,YTH domain-containing protein 1,1,5.221848749616356,8q2u,IUH,0.9990234375,5.608986854553223,5.221848487854004
O=c1ccn(C2OC(CO)C(O)C(O)C2O)c(=O)[nH]1,P00489,"Glycogen phosphorylase, muscle form",1,5.214670164989233,3t3d,CJB,2.384185791015625e-07,3.120339870452881,5.214670181274414
O=C(O)c1cc(Cl)c2oc3ccccc3c(=O)c2c1,P02766,Transthyretin,1,5.173925197299173,7dt8,HH9,0.9990234375,5.44416618347168,5.173924922943115
CC(=O)c1cn(CC(=O)N2CCC[C@H](C(=O)O)C2)c2ccccc12,Q92793,CREB-binding protein,1,5.167491087293763,5xxh,E0D,0.99658203125,5.497448921203613,5.1674909591674805
CNC(=O)c1cc(OCC(=O)Nc2ccccc2)ccc1OC1CCOCC1,Q92831,Histone acetyltransferase KAT2B,1,5.167491087293763,5fdz,5X0,0.9990234375,5.497448921203613,5.1674909591674805
O=C(O)c1ccc2cccc(O)c2n1,P9WQA3,Fructose-bisphosphate aldolase,1,5.158640529545146,4lv4,8HC,0.81201171875,5.731891632080078,5.158640384674072
O=C(O)Cc1csc2ccc3ccccc3c12,P14324,Farnesyl pyrophosphate synthase,1,5.154901959985743,3n49,3N4,0.043701171875,5.034246444702148,5.154901504516602
CC(=O)N[C@@H](C)C(=O)N1C[C@H](O)C[C@H]1C(=S)NCc1ccc(-c2scnc2C)cc1,P40337,von Hippel-Lindau disease tumor suppressor,1,5.1505805862031,6fmi,DV2,0.059967041015625,4.717393398284912,5.150580406188965
O=C(O)c1ccccc1O,P00918,Carbonic anhydrase 2,1,5.1487416512809245,6ux1,SAL,0.0006666183471679688,3.2908437252044678,5.148741245269775
Clc1ccc(N(CC2CNCC2Cc2ccccc2)c2ccccc2)cc1,P00797,Renin,1,5.119186407719209,4gj6,0LS,0.25830078125,4.886476516723633,5.1191864013671875
Oc1cccc(O)c1,P00918,Carbonic anhydrase 2,1,5.113509274827518,4e49,RCO,0.0023975372314453125,4.221510887145996,5.113509178161621
COc1cc(/C=C/C(=O)OCCc2ccccc2)ccc1O,P02766,Transthyretin,1,5.102372908709558,4pwf,PWF,0.0028553009033203125,5.280766487121582,5.102372646331787
O=C(O)CNC(=O)C(=O)O,Q9GZT9,Egl nine homolog 1,1,5.096910013008056,5l9r,OGA,0.552734375,5.182726860046387,5.096909523010254
CNc1nc(Cl)nc2c1ncn2CC1CCCCC1,Q96MU7,YTH domain-containing protein 1,1,5.096910013008056,8q2w,IUZ,0.0059814453125,4.7202348709106445,5.096909523010254
CCc1nn(CC)c(C2CCN(CC3CN(CC4(C(=O)O)CCCC4)CC3c3cccc(F)c3)CC2)c1CC,P05089,Arginase-1,1,5.096910013008056,8e5n,UL0,0.99853515625,5.410776138305664,5.096909523010254
OB1OCc2ccccc21,P00918,Carbonic anhydrase 2,1,5.087246696328677,5jqt,6M9,0.00020992755889892578,3.9984350204467773,5.087246417999268
CC(=O)Oc1ccccc1C(=O)Nc1ncc([N+](=O)[O-])s1,P15121,Aldo-keto reductase family 1 member B1,1,5.0851281824599495,3v35,NTI,0.99560546875,5.503132343292236,5.085127830505371
O=C(/C=C/c1ccc(O)c(O)c1)OC(Cc1ccc(O)c(O)c1)C(=O)O,P02766,Transthyretin,1,5.065501548756432,4pwi,ROA,0.978515625,5.812880992889404,5.0655012130737305
O=C(/C=C/c1ccc(O)c(O)c1)OCCc1ccccc1,P02766,Transthyretin,1,5.065501548756432,4qrf,QAP,0.00064849853515625,5.734023094177246,5.0655012130737305
CC(C)CC(NC(=O)C(CC(C)C)OP(=O)(O)CNC(=O)OCc1ccccc1)C(=O)O,P00800,Thermolysin,1,5.050122295963125,6tmn,0PI,1.9669532775878906e-06,3.842139959335327,5.050122261047363
CNc1nc(Cl)nc2c1ncn2Cc1ccccc1N,Q96MU7,YTH domain-containing protein 1,1,5.045757490560675,8q31,IVR,0.9990234375,5.51876163482666,5.045757293701172
CNc1nc(Cl)nc2c1ncn2CC(=O)Nc1ccccc1,Q96MU7,YTH domain-containing protein 1,1,5.045757490560675,8q2y,IVI,0.99853515625,5.495317459106445,5.045757293701172
COC1OC(CO)C(O)C(OC(=O)CC(=O)OCc2ccccc2)C1O,O00214,Galectin-8,1,5.03763066432998,6w4z,SZS,0.99951171875,5.631010055541992,5.037630558013916
CCCCC/C=C\C/C=C\CCCCCCCC(=O)O,P05413,"Fatty acid-binding protein, heart",1,5.031517051446064,7wdj,EIC,0.99951171875,6.072544574737549,5.031517028808594
O=C(c1ccc(C(=O)N2CCC(N3CCCC3)CC2)c(Nc2ccccc2)c1)N1CCC(N2CCCC2)CC1,Q9Y468,Lethal(3)malignant brain tumor-like protein 1,1,5.026872146400301,3uwn,UWN,0.99951171875,5.407934188842773,5.026871681213379
O=C(O)c1ccc2c(=O)c3c(Cl)cccc3oc2c1,P02766,Transthyretin,1,5.0,7ejq,J5R,0.9990234375,5.498869895935059,4.999999523162842
O=C(Nc1sccc1C(=O)Nc1ncccn1)c1nc2cnccc2s1,P9WJF1,Decaprenylphosphoryl-beta-D-ribose oxidase,1,5.0,5oeq,P95,0.9990234375,5.886055946350098,4.999999523162842
CCN(CC)C1CCN(Cc2cc(C#CCNc3ccccc3)cc(I)c2O)CC1,P04637,Cellular tumor antigen p53,1,5.0,4agq,P96,0.99951171875,5.451270580291748,4.999999523162842
CCC(=O)N1CC(Oc2nn(C(C)(C)C)c3ncnc(N)c23)C1,P00533,Epidermal growth factor receptor,1,5.0,8tjl,HZ6,0.341552734375,5.420011520385742,4.999999523162842
CNC(=O)[C@@H](NC(=O)[C@H](CC(C)C)[C@H](O)C(=O)NO)C(C)(C)C,Q9UNA0,A disintegrin and metalloproteinase with thrombospondin motifs 5,1,5.0,3hy7,097,0.95263671875,5.5841217041015625,4.999999523162842
NCCc1ccc(O)c(O)c1,P07550,Beta-2 adrenergic receptor,1,5.0,9lw5,LDP,2.6285648345947266e-05,4.519892692565918,4.999999523162842
O=C(O)Cc1csc2ccc(Cl)cc12,P14324,Farnesyl pyrophosphate synthase,0,,3n1w,3N2,3.0219554901123047e-05,4.471583366394043,
[N-]=[N+]=[N-],P00918,Carbonic anhydrase 2,0,,6t81,AZI,0.00019109249114990234,4.428957462310791,
CNc1nc(Cl)nc2c1ncn2C,Q96MU7,YTH domain-containing protein 1,0,,8q2q,IT6,1.0192394256591797e-05,4.410486221313477,
Nc1ncnc2c1ncn2C1OC(COS(N)(=O)=O)C(O)C1O,P00918,Carbonic anhydrase 2,0,,6c7w,LMS,0.9931640625,6.361335277557373,
O=C(O)CCCCCCCn1ccnc1,P05181,Cytochrome P450 2E1,0,,3koh,OIO,0.0,4.566781520843506,
Cc1c(CC(=O)O)sc2ccc(Cl)cc12,P14324,Farnesyl pyrophosphate synthase,0,,3n1v,3N1,2.7120113372802734e-05,5.196225166320801,
CNc1nc(Cl)nc2c1ncn2Cc1ccccc1NC(=O)C(F)(F)F,Q96MU7,YTH domain-containing protein 1,0,,8q33,IWV,0.99853515625,5.835615158081055,
CNC(=O)c1n[nH]c2ccccc12,Q96MU7,YTH domain-containing protein 1,0,,6t0c,M4E,5.561113357543945e-05,4.4630584716796875,
CNc1nc(Cl)nc2c1ncn2Cc1ccccc1OC,Q96MU7,YTH domain-containing protein 1,0,,8q37,IWF,3.0934810638427734e-05,4.750073432922363,
CC(=O)C(=Cc1ccccc1)C(=O)Nc1ccc(S(N)(=O)=O)cc1,P00918,Carbonic anhydrase 2,0,,6ufb,Q64,0.98876953125,7.9001336097717285,
COc1ccc(C=C(C(C)=O)C(=O)Nc2ccc(S(N)(=O)=O)cc2)cc1,P00918,Carbonic anhydrase 2,0,,6ufc,Q6A,0.9912109375,7.458244323730469,
CC(=O)C(=Cc1cccs1)C(=O)Nc1ccc(S(N)(=O)=O)cc1,P00918,Carbonic anhydrase 2,0,,6ufd,Q6D,0.0004093647003173828,6.042350769042969,
O=C(O)Cn1cc(Cc2nc3c(F)c(F)cc(F)c3s2)c2cccnc21,P15121,Aldo-keto reductase family 1 member B1,0,,3g5e,Q74,0.9404296875,7.616670608520508,
Nc1ccccc1OCc1cccnc1,P09960,Leukotriene A-4 hydrolase,0,,3ftz,848,2.2649765014648438e-06,3.339153289794922,
Nc1ncccc1OCc1ccccc1,P09960,Leukotriene A-4 hydrolase,0,,3fty,3IP,0.00010722875595092773,3.21695876121521,
COc1ccc2c(CC(=O)O)coc2c1,P14324,Farnesyl pyrophosphate synthase,0,,3n3l,MS0,1.6093254089355469e-06,4.193093776702881,
[Hg+2],P00918,Carbonic anhydrase 2,0,,6sfu,HG,0.99853515625,6.585671424865723,
Nc1nc2nc(C(=O)NCc3ccco3)cnc2c(=O)[nH]1,P02879,Ricin,0,,3px9,JP3,0.0,3.6460602283477783,
COc1cc(C(=O)O)ccc1Oc1ccccc1,P02766,Transthyretin,0,,4ac4,HKA,3.874301910400391e-06,4.583831787109375,
CNC(=O)C1CC(O)CN1C(=O)Cc1cc(C)no1,P40337,von Hippel-Lindau disease tumor suppressor,0,,4bkt,QD0,1.430511474609375e-06,3.8705570697784424,
O=C(NCc1ccc(Cl)cc1)C1CC(O)CN1C(=O)c1ccccc1Cl,P40337,von Hippel-Lindau disease tumor suppressor,0,,4b95,UCK,7.748603820800781e-07,4.616511821746826,
C=CC(=O)Nc1ccccn1,P00533,Epidermal growth factor receptor,0,,8hv2,MWU,0.0003459453582763672,4.411907196044922,
O=C(O)c1ccccc1,P14920,D-amino-acid oxidase,0,,8hy5,BEZ,0.376708984375,4.9433112144470215,
CN(C)CCCC1(c2ccc(F)cc2)OCc2cc(C#N)ccc21,P23975,Sodium-dependent noradrenaline transporter,0,,8i3v,68P,0.92041015625,6.09776496887207,
Nc1nc2nc(C(=O)O)cnc2c(=O)[nH]1,P02879,Ricin,0,,8i7p,OV9,0.0,3.4585061073303223,
O=C(O)CNC(=O)C(=O)O,Q9NWT6,Hypoxia-inducible factor 1-alpha inhibitor,0,,4b7k,OGA,4.9114227294921875e-05,4.238561630249023,
CNC(=O)C1CC(O)CN1C(C)=O,P40337,von Hippel-Lindau disease tumor suppressor,0,,4awj,V6F,0.0,2.992461919784546,
CN(C)NC(=O)CCC(=O)O,Q9NWT6,Hypoxia-inducible factor 1-alpha inhibitor,0,,4ai8,DZA,5.960464477539063e-08,3.563650131225586,
Cc1ccc([C@H](CC(=O)O)NC(=O)Cc2ccc3c(c2)CCCC3)cc1,Q14145,Kelch-like ECH-associated protein 1,0,,8ivg,SGO,0.0294189453125,6.108776569366455,
N#Cc1nc(Nc2ccccc2)nc2[nH]cnc12,P51955,Serine/threonine-protein kinase Nek2,0,,6sgk,LCQ,0.0004477500915527344,4.686134338378906,
CCCCCOc1ccc(S(N)(=O)=O)cc1,P00918,Carbonic anhydrase 2,0,,6sbm,L4W,0.5888671875,5.56351900100708,
O=C(NC(=O)c1ccccn1)NC1OC(CO)C(O)C(O)C1O,P00489,"Glycogen phosphorylase, muscle form",0,,3zcu,T68,0.00010150671005249023,3.809459924697876,
CC(=O)c1ccc(S(=O)(=O)NC(=O)NC2CCCCC2)cc1,P00918,Carbonic anhydrase 2,0,,8j2o,TF9,0.0010242462158203125,4.053849220275879,
O=C(O)CNC(=O)C(=O)O,Q96Q83,Alpha-ketoglutarate-dependent dioxygenase alkB homolog 3,0,,8jnk,OGA,2.2470951080322266e-05,4.16325569152832,
OCC1NCC(O)C(O)C1O,P16278,Beta-galactosidase,0,,3thd,DGJ,3.737211227416992e-05,4.174622535705566,
O=C1NC(=O)C(c2ccccc2)O1,P00918,Carbonic anhydrase 2,0,,6sfq,7Q1,0.99658203125,5.62816858291626,
c1ccc(NCc2cccnc2)cc1,P09960,Leukotriene A-4 hydrolase,0,,3ftw,11X,3.159046173095703e-06,2.7594399452209473,
O=C(O)c1ccc([Hg]Cl)cc1,P00918,Carbonic anhydrase 2,0,,6sg6,BE7,0.0050811767578125,4.740127086639404,
Oc1ccc(CCc2cc(O)cc(O)c2)cc1,P09960,Leukotriene A-4 hydrolase,0,,3ftx,RE2,1.9073486328125e-06,3.623326539993286,
CNS(=O)(=O)c1c(F)c(F)c(SCCO)c(F)c1F,P00918,Carbonic anhydrase 2,0,,7aeq,R8N,0.99560546875,8.249666213989258,
O=C(O)CN(CCO)CCO,P00918,Carbonic anhydrase 2,0,,7aes,BCN,0.0001499652862548828,4.3465471267700195,
CNS(=O)(=O)c1c(F)c(F)c(SCCN)c(F)c1F,P00918,Carbonic anhydrase 2,0,,7agn,RAK,0.9931640625,7.959099292755127,
O=C(O)c1cc(Cl)c2c(c1)C(=O)c1ccccc1C2=O,P02766,Transthyretin,0,,7dt3,HG6,1.1205673217773438e-05,4.752914905548096,
O=C1c2ccccc2C(=O)c2c(O)c(O)cc(O)c21,P02766,Transthyretin,0,,7dt6,9TF,1.996755599975586e-05,4.684713363647461,
Cc1ccc2sc(C3OC(CO)C(O)C(O)C3O)nc2c1,P00489,"Glycogen phosphorylase, muscle form",0,,1xl1,TH1,6.496906280517578e-06,3.739837408065796,
C/C(O)=C(\C#N)C(=O)Nc1ccc(C(F)(F)F)cc1,Q08210,"Dihydroorotate dehydrogenase (quinone), mitochondrial",0,,1tv5,A26,0.004810333251953125,5.887121200561523,
C#CCNC1CCc2ccccc21,P27338,Amine oxidase [flavin-containing] B,0,,1s2y,RSA,0.84130859375,7.315446853637695,
O=C(NCCO)c1ccc(Cl)cc1,P27338,Amine oxidase [flavin-containing] B,0,,1ojc,LAZ,0.50244140625,5.164255619049072,
Cc1nc2c(=O)[nH]c(N)nc2o1,P02879,Ricin,0,,1il9,MOG,5.960464477539063e-08,3.515340566635132,
NCCCCCC(=O)O,P00747,Plasminogen,0,,1hpk,ACA,0.2462158203125,4.650612831115723,
NC(=O)C1OC(CO)C(O)C(O)C1O,P00489,"Glycogen phosphorylase, muscle form",0,,1gg8,GLG,5.960464477539063e-08,3.5039737224578857,
Cn1c(=O)c2c(ncn2C)n(C)c1=O,P00489,"Glycogen phosphorylase, muscle form",0,,1gfz,CFF,2.2649765014648438e-06,4.095053672790527,
CC(=O)NN1C(=O)NC2(OC(CO)C(O)C(O)C2O)C1=O,P00489,"Glycogen phosphorylase, muscle form",0,,1fu4,GL9,0.58740234375,5.054138660430908,
CS(N)(=O)=O,P00918,Carbonic anhydrase 2,0,,8zwv,V7Z,0.9873046875,5.44700813293457,
O=C1NC2(OC(CO)C(O)C(O)C2O)C(=O)N1O,P00489,"Glycogen phosphorylase, muscle form",0,,1ftw,GL5,0.60888671875,4.870846748352051,
NN1C(=O)NC2(OC(CO)C(O)C(O)C2O)C1=O,P00489,"Glycogen phosphorylase, muscle form",0,,1ftq,GL2,0.0012998580932617188,4.339443206787109,
CNCC(O)c1ccc(O)c(O)c1,P13945,Beta-3 adrenergic receptor,0,,9ije,ALE,0.0255126953125,5.560677528381348,
CO[C@@H]1O[C@H](CO)[C@H](O)[C@H](OCc2ccc3ccc(C(=O)O)cc3n2)[C@H]1O,O00214,Galectin-8,0,,7aen,R8B,1.2218952178955078e-05,3.665952444076538,
CS(=O)(=O)N1CCN(c2ccc3nncn3n2)CC1,P25774,Cathepsin S,0,,6yyo,Q1K,2.0444393157958984e-05,4.225773811340332,
NCC1(c2ccccc2)CCCC1,P22411,Dipeptidyl peptidase 4,0,,2bua,007,5.185604095458984e-06,4.44600772857666,
Cc1cc(/N=N/c2cc(S(=O)(=O)O)c(C)cc2C)c(N)cc1O,Q92793,CREB-binding protein,0,,2l84,J28,0.25634765625,4.859479904174805,
Oc1ccc(/C=C/c2cc(O)cc(O)c2)cc1,P09960,Leukotriene A-4 hydrolase,0,,3fts,STL,0.0012493133544921875,3.7327332496643066,
CNc1ncnc2c1ncn2C,Q96MU7,YTH domain-containing protein 1,0,,6ym2,OYK,1.3709068298339844e-06,3.611959457397461,
O=[N+]([O-])c1ccc(O)c2ncccc12,P07858,Cathepsin B,0,,3ai8,HNQ,5.960464477539062e-07,4.413328170776367,
CCn1c2ccccc2c2cc(CNC)ccc21,P04637,Cellular tumor antigen p53,0,,2vuk,P83,5.960464477539063e-08,3.5977509021759033,
COc1ccc(/C=C/C(=O)Nc2ccccc2C(=O)O)cc1OC,O60760,Hematopoietic prostaglandin D synthase,0,,2vd0,D27,0.00014543533325195312,4.612249374389648,
CC(C)CC(NP(=O)(O)O)C(N)=O,P00800,Thermolysin,0,,2tmn,0FA,0.0010318756103515625,4.970307350158691,
O=C(O)Cc1ccccc1,P15121,Aldo-keto reductase family 1 member B1,0,,2isf,PAC,0.00018095970153808594,4.23003625869751,
CNC1CCc2ccccc21,P27338,Amine oxidase [flavin-containing] B,0,,2c67,RM1,0.966796875,7.42130184173584,
CCCCCC(=O)O,P15121,Aldo-keto reductase family 1 member B1,0,,2iq0,6NA,0.0013093948364257812,4.004118919372559,
CC(=O)n1c2c(c3ccccc31)CCCC2=O,Q92793,CREB-binding protein,0,,2d82,TTR,0.93017578125,5.351099491119385,
O=C(O)/C=C/C(=O)O,Q9NWT6,Hypoxia-inducible factor 1-alpha inhibitor,0,,2cgo,FUM,1.9669532775878906e-06,3.296527147293091,
O=C(O)CCC(=O)O,Q9NWT6,Hypoxia-inducible factor 1-alpha inhibitor,0,,2cgn,SIN,1.4483928680419922e-05,3.7270495891571045,
Nc1ccc2c(c1)S(=O)(=O)NC2=O,P00918,Carbonic anhydrase 2,0,,4cq0,SXS,0.994140625,5.9116315841674805,
CCOc1cccc(=O)c2c(C)n(Cc3ccc(Cl)cc3)c(C)c12,Q08210,"Dihydroorotate dehydrogenase (quinone), mitochondrial",0,,4cqa,ID6,2.0444393157958984e-05,5.385200500488281,
Cc1cc(=O)n(C)c2cc(NS(C)(=O)=O)ccc12,Q92831,Histone acetyltransferase KAT2B,0,,5fe9,5WS,7.212162017822266e-06,4.455954074859619,
CC(C)(C)OC(=O)C(CCc1ccccc1)NC(=O)c1ccc(N)c(CCc2ccc(O)cc2)c1,Q9QUK6,Toll-like receptor 4,0,,5ijc,V2A,3.516674041748047e-06,4.586673736572266,
COC(=O)c1cccc(C(=O)Nc2ncnc3nc[nH]c23)c1,Q92793,CREB-binding protein,0,,5h85,5XS,1.3113021850585938e-05,4.595198631286621,
O=C(O)CNC(=O)C(=O)O,P62805,Histone H4,0,,5fwe,OGA,3.0994415283203125e-06,4.680450916290283,
O=C(O)/C=C/c1ccc(Cl)cc1Cl,P00918,Carbonic anhydrase 2,0,,5fnk,5OO,0.051361083984375,4.990199565887451,
CCOc1ccc(CC(=O)O)cc1,P00918,Carbonic anhydrase 2,0,,5fnj,YI6,4.988908767700195e-05,3.2567429542541504,
Cc1ccnc(S(N)(=O)=O)n1,P00918,Carbonic anhydrase 2,0,,5flr,XCZ,0.061187744140625,4.573885917663574,
O=C([O-])O,P00918,Carbonic anhydrase 2,0,,7y2g,BCT,0.0001214742660522461,4.284029006958008,
O=C(O)[C@@H]1CCCNC1,P30531,Sodium- and chloride-dependent GABA transporter 1,0,,7y7y,ID7,0.1448974609375,4.7784905433654785,
CNC(=O)c1ccccc1OC1CCOCC1,Q92831,Histone acetyltransferase KAT2B,0,,5lvq,2LX,3.5762786865234375e-07,3.8549275398254395,
Cn1c(=O)ccc2ccccc21,Q92831,Histone acetyltransferase KAT2B,0,,5fe1,12Q,1.5497207641601562e-06,4.205881595611572,
NS(=O)(=O)NCc1csc2ccccc12,P00918,Carbonic anhydrase 2,0,,5fdc,5WN,0.0018672943115234375,4.383489608764648,
O=C(O)/C=C/c1cccc(OCc2cccc(CC(=O)O)c2)c1,P00918,Carbonic anhydrase 2,0,,5ehv,5ON,0.00229644775390625,5.130155086517334,
CNc1ncnc2c1ncn2C1CC1,Q96MU7,YTH domain-containing protein 1,0,,7p8b,OYT,4.351139068603516e-06,3.6574273109436035,
Clc1ccc(OCc2nnn[nH]2)cc1Cl,P00918,Carbonic anhydrase 2,0,,5eh7,5O5,0.00963592529296875,4.551152229309082,
CCCCCCCOC1COC(CO)C(O)C(O)C1O,P08191,Type 1 fimbrin D-mannose specific adhesin,0,,5cgb,51C,0.00269317626953125,4.207302093505859,
O=C(O)c1cc(I)c(-n2cccc2)c(I)c1O,P04637,Cellular tumor antigen p53,0,,5aoj,Y0V,2.753734588623047e-05,4.576727867126465,
C[C@@H]1[C@H]2C[C@@H](C[C@H]1NCc1cn([C@@H]3OC[C@@H](O)[C@H](O)[C@H]3O)c3ccccc13)C2(C)C,Q962Y6,Thioredoxin glutathione reductase,0,,8a1r,KW2,0.0002033710479736328,4.497159004211426,
NC(=O)c1cccc(Nc2nc(OCC3CCCCC3)c3nc[nH]c3n2)c1,P51955,Serine/threonine-protein kinase Nek2,0,,5m51,NU6,0.0007762908935546875,4.6719255447387695,
N=C1NC(=O)C2(OC(CO)C(O)C(O)C2O)S1,P00489,"Glycogen phosphorylase, muscle form",0,,4ctm,MIF,2.086162567138672e-06,3.9131832122802734,
CCCSc1cc(C(=O)O)c(O)c(I)c1-n1cccc1,P04637,Cellular tumor antigen p53,0,,5o1h,9GN,3.337860107421875e-06,4.580990314483643,
CNC(=O)N1CC(C)Oc2cc(C)ccc21,Q92793,CREB-binding protein,0,,5w0q,9UG,0.000293731689453125,4.431798934936523,
COc1ccc(CC2(O)NC(=S)NC2=O)c(OC)c1,P00918,Carbonic anhydrase 2,0,,5vgy,9AA,8.58306884765625e-06,4.380648136138916,
COc1ccc(C2OC(=O)NC2=O)c(OC)c1,P00918,Carbonic anhydrase 2,0,,5ty1,7QV,0.9970703125,5.5763068199157715,
Cc1ccc(C(=O)N2CCCCCC2)c(NCc2ccco2)n1,P00797,Renin,0,,5sz9,74Y,0.00018525123596191406,4.713130950927734,
c1coc(CNc2ncnc3sc4c(c23)CCCC4)c1,P00797,Renin,0,,5sy3,74Z,0.0,4.5113677978515625,
O=c1c(-n2ccnn2)c[nH]n1-c1cc(N2CCOCC2)ncn1,Q9NWT6,Hypoxia-inducible factor 1-alpha inhibitor,0,,5op8,A1H,2.384185791015625e-06,4.542626857757568,
O=C(O)CNC(=O)c1c(O)n(C2CCCCC2)c(=O)n(C2CCCCC2)c1=O,Q9NWT6,Hypoxia-inducible factor 1-alpha inhibitor,0,,5op6,A0W,9.298324584960938e-06,4.569622993469238,
NC(=O)c1ccc(F)c(Cl)c1,O43175,D-3-phosphoglycerate dehydrogenase,0,,5ofw,9TW,6.556510925292969e-07,3.015195846557617,
Cc1ccc(F)cc1C(=O)O,O43175,D-3-phosphoglycerate dehydrogenase,0,,5ofv,9TZ,0.0,2.4951586723327637,
Cn1ccc2cc(N)ccc21,O43175,D-3-phosphoglycerate dehydrogenase,0,,5ofm,9TT,0.0,2.412748336791992,
CC(=O)N[C@@H](C)C(=S)N1C[C@H](O)C[C@H]1C(=S)NCc1ccc(-c2scnc2C)cc1,P40337,von Hippel-Lindau disease tumor suppressor,0,,6fmk,DV8,0.01374053955078125,4.687555313110352,
O=C(O)c1cc(OCCc2ccccc2)c(-n2cccc2)c(I)c1O,P04637,Cellular tumor antigen p53,0,,5o1g,9GK,2.980232238769531e-07,4.133417129516602,
C=CCOc1cc(C(=O)O)c(O)c(I)c1-n1cccc1,P04637,Cellular tumor antigen p53,0,,5o1e,9GT,2.384185791015625e-07,4.602303504943848,
CCCOc1cc(C(=O)O)c(O)c(I)c1-n1cccc1,P04637,Cellular tumor antigen p53,0,,5o1d,9GW,4.172325134277344e-07,4.563940048217773,
O=C([O-])CC(=O)[O-],P00918,Carbonic anhydrase 2,0,,7qgx,MLI,0.0012693405151367188,4.390594482421875,
O=C(O)c1cc(-c2ccc(F)cc2)c(-n2cccc2)c(I)c1O,P04637,Cellular tumor antigen p53,0,,5o1c,9GZ,5.960464477539063e-08,3.8932909965515137,
OCc1cc(I)c(-n2cccc2)c(I)c1O,P04637,Cellular tumor antigen p53,0,,5o1b,9H2,6.198883056640625e-06,4.519892692565918,
Nc1cccc(-c2cnco2)c1,O43175,D-3-phosphoglycerate dehydrogenase,0,,5nzq,5AO,0.0,2.4411659240722656,
Oc1noc2ccccc12,O43175,D-3-phosphoglycerate dehydrogenase,0,,5nzp,9EW,0.0,2.6912384033203125,
COc1ccc(NC(C)=O)cc1Cl,O43175,D-3-phosphoglycerate dehydrogenase,0,,5n53,8NB,0.0,2.9043681621551514,
CN1CC[C@H](c2c(O)cc(O)c3c(=O)cc(-c4ccccc4Cl)oc23)[C@@H](O)C1,P06493,Cyclin-dependent kinase 1,0,,6gu2,F9Z,0.9833984375,7.265361785888672,
COC(=O)c1ccc2[nH]c(=O)oc2c1,Q92793,CREB-binding protein,0,,5mpz,4I8,1.7881393432617188e-07,3.7810425758361816,
CNc1cnn(C)c(=O)c1Cl,Q92831,Histone acetyltransferase KAT2B,0,,5mkx,82I,3.451108932495117e-05,4.572464942932129,
Nc1n[nH]c(C(F)(F)F)c1Br,P04637,Cellular tumor antigen p53,0,,8a92,LE9,0.0,4.248507499694824,
Cn1cc(C2CC3CSC(N)=NC3(c3ccc(F)cc3F)CO2)cn1,P10635,Cytochrome P450 2D6,0,,4xry,SI5,0.0004546642303466797,4.727339267730713,
O=C(Nc1ccc(Oc2ccncc2)cc1)c1ccnc(N2CCOCC2)c1,O15264,Mitogen-activated protein kinase 13,0,,4eym,0RX,1.7881393432617188e-07,4.500000953674316,
CCc1ccc(C(C)CC(=O)NC2OC(CO)C(O)C(O)C2O)cc1,P00489,"Glycogen phosphorylase, muscle form",0,,4mi9,26W,1.0371208190917969e-05,3.8549275398254395,
S=c1[nH]c(-c2ccccc2)cs1,P00918,Carbonic anhydrase 2,0,,8fau,Y3E,5.829334259033203e-05,4.2016191482543945,
O=C(CCCc1ccc2c(c1)CCCC2)NC1OC(CO)C(O)C(O)C1O,P00489,"Glycogen phosphorylase, muscle form",0,,4mi6,26V,0.015838623046875,4.760019302368164,
O=C1C(=O)N(Cc2ccccc2)c2ccccc21,P05091,"Aldehyde dehydrogenase, mitochondrial",0,,4kwf,3AK,1.0788440704345703e-05,4.454533100128174,
O=C1Cc2ccc(Br)cc2N1,P23946,Chymase,0,,4k60,1P8,1.7285346984863281e-06,3.509657144546509,
O=C1NCc2ccc(Cl)cc21,P23946,Chymase,0,,4k5z,1P7,3.5762786865234375e-07,3.350520133972168,
O=C1Cc2ccc(Cl)cc2N1,P23946,Chymase,0,,4k2y,ES2,3.5762786865234375e-07,3.234009027481079,
c1cnc2c(c1)ccc1cccnc12,P00800,Thermolysin,0,,6lzo,PHN,5.960464477539063e-08,3.5068154335021973,
CCCCC1(C(=O)O)CC1C(N)C(=O)O,Q00959,"Glutamate receptor ionotropic, NMDA 2A",0,,6odl,M7V,0.9453125,7.315446853637695,
O=N[O-],P00918,Carbonic anhydrase 2,0,,6pdv,NO2,0.0006361007690429688,4.450270652770996,
CCCc1cc2cn(C3OC(CO)C(O)C(O)C3O)c(=O)nc2o1,P00489,"Glycogen phosphorylase, muscle form",0,,4el0,D1K,0.00011414289474487305,4.539785385131836,
CCCC#Cc1cn(C2OC(CO)C(O)C(O)C2O)c(=O)[nH]c1=O,P00489,"Glycogen phosphorylase, muscle form",0,,4eky,D1J,1.6689300537109375e-06,3.9188666343688965,
CCCCCc1cc2cn(C3OC(CO)C(O)C(O)C3O)c(=O)nc2o1,P00489,"Glycogen phosphorylase, muscle form",0,,4eke,D1I,2.3365020751953125e-05,4.276925086975098,
CCCCCC#Cc1cn(C2OC(CO)C(O)C(O)C2O)c(=O)[nH]c1=O,P00489,"Glycogen phosphorylase, muscle form",0,,4ej2,D1F,2.2113323211669922e-05,4.0737409591674805,
N#CO,P00918,Carbonic anhydrase 2,0,,4e5q,0NM,0.0002397298812866211,4.514209747314453,
O=C(O)c1ccccc1S,P00918,Carbonic anhydrase 2,0,,4e4a,JKE,0.0033111572265625,3.3704123497009277,
Cn1cc(-c2c[nH]c(=O)c(N)c2)cn1,P33981,Dual specificity protein kinase TTK,0,,4cv8,3D7,5.960464477539063e-08,5.025721549987793,
O=C(O)c1ccc2ccc(CO[C@@H]3C=CO[C@H](CO)[C@@H]3O)nc2c1,O00214,Galectin-8,0,,7p11,5KM,6.556510925292969e-07,3.3903043270111084,
Nc1nc2nc(C(=O)NCCNC(=O)Nc3ccccc3)cnc2c(=O)[nH]1,P02879,Ricin,0,,4mx1,1MX,6.556510925292969e-07,4.075161933898926,
Nc1nc2nc(C(=O)NCCNC(=O)OCc3ccccc3)cnc2c(=O)[nH]1,P02879,Ricin,0,,4mx5,5MX,3.790855407714844e-05,4.4161696434021,
CSc1ccc(O)c(C(=O)O)c1,Q07820,Induced myeloid leukemia cell differentiation protein Mcl-1,0,,4wmw,3R6,1.5795230865478516e-05,3.97428035736084,
Oc1ccc2oc(=S)ccc2c1,P00918,Carbonic anhydrase 2,0,,4wl4,FC5,0.0005593299865722656,4.569622993469238,
CN(C)c1ccc(S(=O)(=O)N[N+](=O)[O-])cc1,P00918,Carbonic anhydrase 2,0,,8bzz,SVO,0.0248870849609375,4.552573204040527,
CC(=O)n1cc(-c2c(C)[nH][nH]c2=O)c2ccccc21,Q92793,CREB-binding protein,0,,4ts8,XZ8,7.843971252441406e-05,4.71455192565918,
CC(C)CC(N)C(=O)NO,P00800,Thermolysin,0,,4tln,LNO,0.1578369140625,4.886476516723633,
CC(C)(C)c1cc(=O)[nH]c(SCC(=O)c2ccc(Cl)c(S(N)(=O)=O)c2)n1,P00918,Carbonic anhydrase 2,0,,4qsi,EWZ,0.99365234375,7.264296054840088,
O=C1CN2C(=NN1)COc1ccccc12,Q05397,Focal adhesion kinase 1,0,,4q9s,30G,7.62939453125e-06,3.8506650924682617,
On1ccc2ccccc2c1=S,P00918,Carbonic anhydrase 2,0,,4q8y,HQT,0.00284576416015625,4.514209747314453,
On1cc(C(F)(F)F)ccc1=S,P00918,Carbonic anhydrase 2,0,,4q8x,7FH,0.38525390625,5.429957866668701,
On1ccc(C(F)(F)F)cc1=S,P00918,Carbonic anhydrase 2,0,,4q87,4FH,0.002590179443359375,5.4796881675720215,
On1cccc(C(F)(F)F)c1=S,P00918,Carbonic anhydrase 2,0,,4q83,3FH,0.02880859375,4.723076820373535,
Cc1cc(C)n(O)c(=S)c1,P00918,Carbonic anhydrase 2,0,,4q81,7MH,0.6572265625,5.0981855392456055,
Cc1cccc(=S)n1O,P00918,Carbonic anhydrase 2,0,,4q7w,6MH,0.001956939697265625,4.521313667297363,
Cc1ccc(=S)n(O)c1,P00918,Carbonic anhydrase 2,0,,4q7v,5MH,0.037689208984375,4.758598327636719,
Cc1ccn(O)c(=S)c1,P00918,Carbonic anhydrase 2,0,,4q7s,2YU,0.83251953125,5.397988319396973,
Cc1cccn(O)c1=S,P00918,Carbonic anhydrase 2,0,,4q7p,3MH,0.0180511474609375,4.633562088012695,
CCOC(=O)/C=C/c1ccc(O)c(O)c1,P02766,Transthyretin,0,,4pwg,0XR,0.0258636474609375,5.311315536499023,
Cn1c(CO[C@@H]2C=CO[C@H](CO)[C@@H]2O)nc2ccc(C(=O)O)cc21,O00214,Galectin-8,0,,7p1m,4IU,2.980232238769531e-07,3.4073548316955566,
CNCC(O)c1ccc(O)c(O)c1,P21728,D(1A) dopamine receptor,0,,9lwc,ALE,2.0802021026611328e-05,4.1859893798828125,
